"excel_row","Study_ID","Author_Year","Location_ID","Measured","Order","Family","Common_name","Trophic_Level","Sampling_date","variation","m_g","se_g","n_g","m_c","se_c","n_c","Stratum","Herbivore_origin","Max_size_class","Single_size_class","Response_group","Design","Years_since_exclusion","zero_adjusted","sd_g","sd_c","yi","vi","es_id"
2,"#1515","Veen et al., 2024","LOC19","Abundance",NA,NA,NA,"Pollinators","2020","SE",17.74049,1.521021,5,22.07675,3.260187,5,"Above-ground","Native","Medium","Medium","Abundance","Exclosure",3,FALSE,3.40110635120471,7.28999975136111,0.218675420851085,0.0291588227244267,1
3,"#1515","Veen et al., 2024","LOC19","Abundance",NA,NA,NA,"Pollinators","2020","SE",17.28348,2.102269,5,22.07675,3.260187,5,"Above-ground","Mixed",NA,NA,"Abundance","Exclosure",3,FALSE,4.70081639099051,7.28999975136111,0.244773886557321,0.0366029184416449,2
4,"#1515","Veen et al., 2024","LOC19","Abundance","Orthoptera",NA,NA,"Herbivores","44055","SE",1.725485,0.747867,5,5.333139,1.775672,5,"Above-ground","Native","Medium","Medium","Abundance","Exclosure",3,FALSE,1.67228145012884,3.97052329774301,1.1284318250221,0.298712682657518,3
5,"#1515","Veen et al., 2024","LOC19","Abundance","Orthoptera",NA,NA,"Herbivores","44055","SE",2.299033,1.261376,5,5.333139,1.775672,5,"Above-ground","Mixed",NA,NA,"Abundance","Exclosure",3,FALSE,2.82052248118677,3.97052329774301,0.841451395662798,0.411878455871116,4
6,"#1515","Veen et al., 2024","LOC19","Abundance","Hymenpotera",NA,NA,"Pollinators","2020","SE",11.77162,1.896514,5,14.41858,1.517086,5,"Above-ground","Native","Medium","Medium","Abundance","Exclosure",3,FALSE,4.24073422428004,3.39230742371325,0.202826102802886,0.0370268204611274,5
7,"#1515","Veen et al., 2024","LOC19","Abundance","Hymenpotera",NA,NA,"Pollinators","2020","SE",13.00383,2.416012,5,14.41858,1.517086,5,"Above-ground","Mixed",NA,NA,"Abundance","Exclosure",3,FALSE,5.40236706645522,3.39230742371325,0.103273723211132,0.0455895020398957,6
8,"#1515","Veen et al., 2024","LOC19","Abundance","Diptera",NA,NA,"Pollinators","2020","SE",5.754897,0.8530133,6,6.356555,1.7524805,5,"Above-ground","Native","Medium","Medium","Abundance","Exclosure",3,FALSE,2.08944732880763,3.91866552724282,0.0994354193977459,0.0979789321653511,7
9,"#1515","Veen et al., 2024","LOC19","Abundance","Diptera",NA,NA,"Pollinators","2020","SE",3.76197,1.212737,7,6.356555,1.7524805,5,"Above-ground","Mixed",NA,NA,"Abundance","Exclosure",3,FALSE,3.20860050772654,3.91866552724282,0.524543807565595,0.179929434840463,8
10,"#2758","Huntzinger et al., 2011","LOC03","Abundance","Gastropoda",NA,"Snails","Detritivore/herbivore","45049","SE",0.3150088,0.1448622,12,3.2783465,0.9291108,12,"Ground & litter-dwelling","Native","Small","Small","Abundance","Exclosure",25,FALSE,0.501817380992408,3.21853422292193,2.34249388347206,0.291798095972705,9
11,"#2758","Huntzinger et al., 2011","LOC03","Abundance","Gastropoda",NA,"Snails","Detritivore/herbivore","45049","SE",0.6256686,0.1855079,12,0.7141569,0.2872589,12,"Ground & litter-dwelling","Native","Small","Small","Abundance","Exclosure",25,FALSE,0.642618216010813,0.995094019452695,0.132281848146792,0.249702552871449,10
12,"#2201","Wilkerson et al., 2013","LOC26","Abundance","Lepidoptera","Pieridae","Butterfly","Pollinators","06/2007 and 07/2009","SE",4.4979243,0.6828968,3,3.487319,0.8893165,3,"Above-ground","Domestic","Large","Large","Abundance","Exclosure",14,FALSE,1.1828119539262,1.54034136200933,-0.254482777534339,0.0880831281149895,11
13,"#2201","Wilkerson et al., 2013","LOC26","Abundance","Lepidoptera","Pieridae","Butterfly","Pollinators","06/2007 and 07/2009","SE",3.577544,0.7121916,3,3.487319,0.8893165,3,"Above-ground","Mixed",NA,NA,"Abundance","Exclosure",14,FALSE,1.23355203592377,1.54034136200933,-0.0255432853053062,0.104662303519062,12
14,"#2201","Wilkerson et al., 2013","LOC26","Abundance","Lepidoptera","Pieridae","Butterfly","Pollinators","06/2007 and 07/2009","SE",2.0730985,0.7086313,3,3.487319,0.8893165,3,"Above-ground","Native","Mega",NA,"Abundance","Exclosure",14,FALSE,1.22738541543358,1.54034136200933,0.520088898156504,0.181874820717974,13
15,"#1662","Virtanen et al., 2008","LOC10","Abundance",NA,NA,"Nematodes","Decomposers","44075","SE",24,4,6,32,5,6,"Below-ground","Native","Large",NA,"Abundance","Exclosure",25,FALSE,9.79795897113271,12.2474487139159,0.287682072451781,0.0521918402777778,14
16,"#1662","Virtanen et al., 2008","LOC10","Abundance",NA,NA,"Enchytraeids","Decomposers","44075","SE",1.2,0.3,6,1.9,0.7,6,"Below-ground","Native","Large",NA,"Abundance","Exclosure",25,FALSE,0.734846922834953,1.71464281994822,0.45953232937844,0.198234072022161,15
17,"#1662","Virtanen et al., 2008","LOC10","Abundance",NA,NA,"Nematodes","Decomposers","44075","SE",47,11,6,30,4,6,"Below-ground","Native","Large",NA,"Abundance","Exclosure",35,FALSE,26.944387170615,9.79795897113271,-0.448950220047903,0.0725536944821689,16
18,"#1662","Virtanen et al., 2008","LOC10","Abundance",NA,NA,"Enchytraeids","Decomposers","44075","SE",1.4,0.5,6,1.3,0.4,6,"Below-ground","Native","Large",NA,"Abundance","Exclosure",35,FALSE,1.22474487139159,0.979795897113271,-0.0741079721537217,0.222225576621181,17
19,"#1393","Wang et al., 2021","LOC38","Abundance","Orthoptera",NA,NA,"Herbivores","07/2009 to 08/2009","SE",1226.9136591,44.7212442,3,863.2451545,29.4347514,3,"Above-ground","Domestic","Medium","Medium","Abundance","Exclosure",1,FALSE,77.459467132095,50.9824849329591,-0.35155835158906,0.00249127607473533,18
20,"#1393","Wang et al., 2021","LOC38","Abundance","Orthoptera",NA,NA,"Herbivores","07/2009 to 08/2009","SE",282.6920793,2.994681,3,460.0768516,18.6109316,3,"Above-ground","Domestic","Medium","Medium","Abundance","Exclosure",1,FALSE,5.18693964446117,32.2350791073891,0.487035297957666,0.00174856813889494,19
21,"#1355","Wang et al., 2018","LOC17","Abundance","Coleoptera","Carabidae","Ground beetles","Herbivores","41518","SE",18.9984135885872,6.67784769289726,9,27.0785497867818,6.62437291377982,9,"Ground & litter-dwelling","Native",NA,NA,"Abundance","Exclosure",4,FALSE,20.0335430786918,19.8731187413395,0.35438641334173,0.183395244443529,20
22,"#1355","Wang et al., 2018","LOC17","Abundance","Coleoptera","Carabidae","Ground beetles","Herbivores","41518","SE",24.679106481601,4.64713556985544,9,27.0785497867818,6.62437291377982,9,"Ground & litter-dwelling","Native","Medium","Medium","Abundance","Exclosure",4,FALSE,13.9414067095663,19.8731187413395,0.0927848994519925,0.0953043008421857,21
23,"#1355","Wang et al., 2018","LOC17","Abundance","Coleoptera","Carabidae","Ground beetles","Herbivores","41518","SE",26.9050205410471,3.73842307434584,9,27.0785497867818,6.62437291377982,9,"Ground & litter-dwelling","Native","Medium",NA,"Abundance","Exclosure",4,FALSE,11.2152692230375,19.8731187413395,0.00642898727784301,0.0791532954901074,22
24,"#1355","Wang et al., 2018","LOC17","Abundance","Coleoptera","Carabidae","Ground beetles","Carnivores","41518","SE",34.2192416119658,8.85854194975978,9,37.0445716912652,4.93819815800022,9,"Ground & litter-dwelling","Native",NA,NA,"Abundance","Exclosure",4,FALSE,26.5756258492793,14.8145944740007,0.0793337218616862,0.0847868250700053,23
25,"#1355","Wang et al., 2018","LOC17","Abundance","Coleoptera","Carabidae","Ground beetles","Carnivores","41518","SE",34.6772219931191,6.26966560527359,9,37.0445716912652,4.93819815800022,9,"Ground & litter-dwelling","Native","Medium","Medium","Abundance","Exclosure",4,FALSE,18.8089968158208,14.8145944740007,0.0660387832525353,0.0504589070133113,24
26,"#1355","Wang et al., 2018","LOC17","Abundance","Coleoptera","Carabidae","Ground beetles","Carnivores","41518","SE",31.7858377445333,9.80987342171538,9,37.0445716912652,4.93819815800022,9,"Ground & litter-dwelling","Native","Medium",NA,"Abundance","Exclosure",4,FALSE,29.4296202651461,14.8145944740007,0.153100991310624,0.113018811565794,25
27,"#1355","Wang et al., 2018","LOC17","Richness","Coleoptera","Carabidae","Ground beetles","Carnivores","41518","SE",4.8863373577787,0.675013043151344,9,4.88989249779873,0.349970662701784,9,"Ground & litter-dwelling","Native",NA,NA,"Richness","Exclosure",4,FALSE,2.02503912945403,1.04991198810535,0.000727302902910898,0.0242057696652815,26
28,"#1355","Wang et al., 2018","LOC17","Richness","Coleoptera","Carabidae","Ground beetles","Carnivores","41518","SE",4.77578783767268,0.398880717443813,9,4.88989249779873,0.349970662701784,9,"Ground & litter-dwelling","Native","Medium","Medium","Richness","Exclosure",4,FALSE,1.19664215233144,1.04991198810535,0.0236113666491473,0.0120981281730036,27
29,"#1355","Wang et al., 2018","LOC17","Richness","Coleoptera","Carabidae","Ground beetles","Carnivores","41518","SE",4.66241288898361,0.669582538146604,9,4.88989249779873,0.349970662701784,9,"Ground & litter-dwelling","Native","Medium",NA,"Richness","Exclosure",4,FALSE,2.00874761443981,1.04991198810535,0.0476372176874014,0.0257469548496728,28
30,"#1355","Wang et al., 2018","LOC17","Richness","Coleoptera","Carabidae","Ground beetles","Herbivores","41518","SE",3.2161444,0.7272131,9,3.7789081,0.6328561,9,"Ground & litter-dwelling","Native",NA,NA,"Richness","Exclosure",4,FALSE,2.1816393,1.8985683,0.16125185466261,0.0791736453056425,29
31,"#1355","Wang et al., 2018","LOC17","Richness","Coleoptera","Carabidae","Ground beetles","Herbivores","41518","SE",3.3257091,0.7132875,9,3.7789081,0.6328561,9,"Ground & litter-dwelling","Native","Medium","Medium","Richness","Exclosure",4,FALSE,2.1398625,1.8985683,0.127752190940487,0.0740467148883432,30
32,"#1355","Wang et al., 2018","LOC17","Richness","Coleoptera","Carabidae","Ground beetles","Herbivores","41518","SE",4.5549199,0.4406392,9,3.7789081,0.6328561,9,"Ground & litter-dwelling","Native","Medium",NA,"Richness","Exclosure",4,FALSE,1.3219176,1.8985683,-0.186772840017107,0.0374048783840383,31
33,"#1355","Wang et al., 2018","LOC17","Abundance","Coleoptera","Carabidae","Ground beetles","Herbivores","41518","SE",37.4199263191828,10.2689935440914,9,50.5354072571857,15.01157758512,9,"Ground & litter-dwelling","Native",NA,NA,"Abundance","Exclosure",4,FALSE,30.8069806322742,45.03473275536,0.300470872585862,0.163548636827894,32
34,"#1355","Wang et al., 2018","LOC17","Abundance","Coleoptera","Carabidae","Ground beetles","Herbivores","41518","SE",28.5631396490484,7.69355195246764,9,50.5354072571857,15.01157758512,9,"Ground & litter-dwelling","Native","Medium","Medium","Abundance","Exclosure",4,FALSE,23.0806558574029,45.03473275536,0.570557161288786,0.160789860446899,33
35,"#1355","Wang et al., 2018","LOC17","Abundance","Coleoptera","Carabidae","Ground beetles","Herbivores","41518","SE",40.6274423323373,12.8239442081207,9,50.5354072571857,15.01157758512,9,"Ground & litter-dwelling","Native","Medium",NA,"Abundance","Exclosure",4,FALSE,38.4718326243621,45.03473275536,0.218230466614823,0.187872357190544,34
36,"#1355","Wang et al., 2018","LOC17","Abundance","Coleoptera","Carabidae","Ground beetles","Carnivores","41518","SE",50.9319560029496,15.7927874940537,9,54.2128867826309,13.3647919920147,9,"Ground & litter-dwelling","Native",NA,NA,"Abundance","Exclosure",4,FALSE,47.3783624821611,40.0943759760441,0.0624280978297427,0.156921463790557,35
37,"#1355","Wang et al., 2018","LOC17","Abundance","Coleoptera","Carabidae","Ground beetles","Carnivores","41518","SE",57.8467674876119,15.1143586220023,9,54.2128867826309,13.3647919920147,9,"Ground & litter-dwelling","Native","Medium","Medium","Abundance","Exclosure",4,FALSE,45.3430758660069,40.0943759760441,-0.0648789308940301,0.129042853071889,36
38,"#1355","Wang et al., 2018","LOC17","Abundance","Coleoptera","Carabidae","Ground beetles","Carnivores","41518","SE",81.6335156403164,30.2918579312532,9,54.2128867826309,13.3647919920147,9,"Ground & litter-dwelling","Native","Medium",NA,"Abundance","Exclosure",4,FALSE,90.8755737937596,40.0943759760441,-0.409321264827941,0.198468150949134,37
39,"#1355","Wang et al., 2018","LOC17","Richness","Coleoptera","Carabidae","Ground beetles","Herbivores","41518","SE",3.4353019,0.2975631,9,4.1143806,0.5826782,9,"Ground & litter-dwelling","Native",NA,NA,"Richness","Exclosure",4,FALSE,0.8926893,1.7480346,0.180383489134293,0.0275590838916874,38
40,"#1355","Wang et al., 2018","LOC17","Richness","Coleoptera","Carabidae","Ground beetles","Herbivores","41518","SE",3.7762518,0.4027713,9,4.1143806,0.5826782,9,"Ground & litter-dwelling","Native","Medium","Medium","Richness","Exclosure",4,FALSE,1.2083139,1.7480346,0.0857563699386639,0.0314323438296471,39
41,"#1355","Wang et al., 2018","LOC17","Richness","Coleoptera","Carabidae","Ground beetles","Herbivores","41518","SE",4.1115659,0.5629347,9,4.1143806,0.5826782,9,"Ground & litter-dwelling","Native","Medium",NA,"Richness","Exclosure",4,FALSE,1.6888041,1.7480346,0.000684346806741379,0.0388018924356846,40
42,"#1355","Wang et al., 2018","LOC17","Richness","Coleoptera","Carabidae","Ground beetles","Carnivores","41518","SE",5.1041631,0.3597148,9,4.6623677,0.4111897,9,"Ground & litter-dwelling","Native",NA,NA,"Richness","Exclosure",4,FALSE,1.0791444,1.2335691,-0.0905330916288559,0.012744757603957,41
43,"#1355","Wang et al., 2018","LOC17","Richness","Coleoptera","Carabidae","Ground beetles","Carnivores","41518","SE",4.3298403,0.3766128,9,4.6623677,0.4111897,9,"Ground & litter-dwelling","Native","Medium","Medium","Richness","Exclosure",4,FALSE,1.1298384,1.2335691,0.0739927501150831,0.0153437148137325,42
44,"#1355","Wang et al., 2018","LOC17","Richness","Coleoptera","Carabidae","Ground beetles","Carnivores","41518","SE",4.6636648,0.6676029,9,4.6623677,0.4111897,9,"Ground & litter-dwelling","Native","Medium",NA,"Richness","Exclosure",4,FALSE,2.0028087,1.2335691,-0.00027816759342502,0.0282699407402378,43
45,"#1123","Wang et al., 2012","LOC38","Abundance",NA,NA,NA,"Herbivores","07/2008 to 10/2008","SE",885.063,72.686,9,603.033,67.327,9,"Above-ground","Domestic","Medium","Medium","Abundance","Exclosure",2,FALSE,218.058,201.981,-0.383686907317061,0.0192096702287984,44
46,"#1123","Wang et al., 2012","LOC38","Abundance",NA,NA,NA,"Herbivores","07/2008 to 10/2008","SE",434.356,82.953,9,384.997,86.11,9,"Above-ground","Domestic","Large","Large","Abundance","Exclosure",2,FALSE,248.859,258.33,-0.120628932305564,0.0864987096860512,45
47,"#1123","Wang et al., 2012","LOC38","Abundance",NA,NA,NA,"Herbivores","07/2008 to 10/2008","SE",579.286,131.43,9,384.997,86.11,9,"Above-ground","Domestic","Medium","Medium","Abundance","Exclosure",2,FALSE,394.29,258.33,-0.408560768662695,0.101501402591925,46
48,"#1123","Wang et al., 2012","LOC38","Abundance",NA,NA,NA,"Herbivores","07/2008 to 10/2008","SE",791.609,203.762,9,384.997,86.11,9,"Above-ground","Domestic",NA,NA,"Abundance","Exclosure",2,FALSE,611.286,258.33,-0.720832040992621,0.116281579712866,47
49,"#1123","Wang et al., 2012","LOC38","Abundance",NA,NA,NA,"Herbivores","07/2008 to 10/2008","SE",590.031,133.415,9,384.997,86.11,9,"Above-ground","Domestic","Medium","Medium","Abundance","Exclosure",2,FALSE,400.245,258.33,-0.426939535842712,0.101153721767249,48
50,"#1123","Wang et al., 2012","LOC38","Abundance",NA,NA,NA,"Predator","07/2008 to 10/2008","SE",22.9853447,3.840831,9,32.7954211,6.6585207,9,"Above-ground","Domestic","Large","Large","Abundance","Exclosure",2,FALSE,11.522493,19.9755621,0.355432079152526,0.0691441202360118,49
51,"#1123","Wang et al., 2012","LOC38","Abundance",NA,NA,NA,"Predator","07/2008 to 10/2008","SE",28.0615994,6.090442,9,32.7954211,6.6585207,9,"Above-ground","Domestic","Medium","Medium","Abundance","Exclosure",2,FALSE,18.271326,19.9755621,0.155886832698111,0.0883276287851994,50
52,"#1123","Wang et al., 2012","LOC38","Abundance",NA,NA,NA,"Predator","07/2008 to 10/2008","SE",52.931399,6.6864847,9,32.7954211,6.6585207,9,"Above-ground","Domestic",NA,NA,"Abundance","Exclosure",2,FALSE,20.0594541,19.9755621,-0.478707811620792,0.0571796535570629,51
53,"#1123","Wang et al., 2012","LOC38","Abundance",NA,NA,NA,"Predator","07/2008 to 10/2008","SE",24.2056455,3.0472702,9,32.7954211,6.6585207,9,"Above-ground","Domestic","Medium","Medium","Abundance","Exclosure",2,FALSE,9.1418106,19.9755621,0.303703013955406,0.0570705180867343,52
54,"#1123","Wang et al., 2012","LOC38","Abundance",NA,NA,NA,"Detritivore","07/2008 to 10/2008","SE",1.565522,0.5225551,9,0.8912913,0.3097544,9,"Above-ground","Domestic","Large","Large","Abundance","Exclosure",2,FALSE,1.5676653,0.9292632,-0.563303283620115,0.232195725030151,53
55,"#1123","Wang et al., 2012","LOC38","Abundance",NA,NA,NA,"Detritivore","07/2008 to 10/2008","SE",1.8985785,0.52138,9,0.8912913,0.3097544,9,"Above-ground","Domestic","Medium","Medium","Abundance","Exclosure",2,FALSE,1.56414,0.9292632,-0.7561894171842,0.196194106994786,54
56,"#1123","Wang et al., 2012","LOC38","Abundance",NA,NA,NA,"Detritivore","07/2008 to 10/2008","SE",3.5594522,1.1920724,9,0.8912913,0.3097544,9,"Above-ground","Domestic",NA,NA,"Abundance","Exclosure",2,FALSE,3.5762172,0.9292632,-1.38469062553559,0.232940410620128,55
57,"#1123","Wang et al., 2012","LOC38","Abundance",NA,NA,NA,"Detritivore","07/2008 to 10/2008","SE",0.4533074,0.2271096,9,0.8912913,0.3097544,9,"Above-ground","Domestic","Medium","Medium","Abundance","Exclosure",2,FALSE,0.6813288,0.9292632,0.676100827522492,0.371786899957278,56
58,"#1123","Wang et al., 2012","LOC38","Abundance",NA,NA,NA,"Parasitoid","07/2008 to 10/2008","SE",0.9979485,0.4363564,9,3.3255525,0.9873021,9,"Above-ground","Domestic","Large","Large","Abundance","Exclosure",2,FALSE,1.3090692,2.9619063,1.20368943292599,0.279330448152971,57
59,"#1123","Wang et al., 2012","LOC38","Abundance",NA,NA,NA,"Parasitoid","07/2008 to 10/2008","SE",3.6724006,0.5418667,9,3.3255525,0.9873021,9,"Above-ground","Domestic","Medium","Medium","Abundance","Exclosure",2,FALSE,1.6256001,2.9619063,-0.0992097369508817,0.109911213367375,58
60,"#1123","Wang et al., 2012","LOC38","Abundance",NA,NA,NA,"Parasitoid","07/2008 to 10/2008","SE",3.7796231,0.6582778,9,3.3255525,0.9873021,9,"Above-ground","Domestic",NA,NA,"Abundance","Exclosure",2,FALSE,1.9748334,2.9619063,-0.127988469948107,0.1184733136474,59
61,"#1123","Wang et al., 2012","LOC38","Abundance",NA,NA,NA,"Parasitoid","07/2008 to 10/2008","SE",1.7771254,0.6726726,9,3.3255525,0.9873021,9,"Above-ground","Domestic","Medium","Medium","Abundance","Exclosure",2,FALSE,2.0180178,2.9619063,0.626638710661061,0.231415190447391,60
62,"#1013","Zhang et al., 2022","LOC33","Abundance","Nematoda",NA,"Nematodes","Bacterial feeders","43556","SE",13.2307692307692,2.1538461538461,3,10.8571428571428,1.1428571428572,3,"Below-ground","Domestic","Large","Large","Abundance","Exclosure",9,FALSE,3.73057097014826,1.97948663722167,-0.197721928120901,0.0375811436592962,61
63,"#1013","Zhang et al., 2022","LOC33","Abundance","Nematoda",NA,"Nematodes","Fungal feeders","43556","SE",1.74449339207048,0.42290748898678,3,3.13656387665198,0.47577092511013,3,"Below-ground","Domestic","Large","Large","Abundance","Exclosure",9,FALSE,0.732497257826478,0.824059415054793,0.586663700157497,0.0817779718429305,62
64,"#1013","Zhang et al., 2022","LOC33","Abundance","Nematoda",NA,"Nematodes","Algal feeders","43556","SE",0.0827814569536424,0.0662251655629136,3,1.48454746136865,0.46909492273731,3,"Below-ground","Domestic","Large","Large","Abundance","Exclosure",9,FALSE,0.114705351494627,0.812496239753618,2.88666117849963,0.739846602451592,63
65,"#1013","Zhang et al., 2022","LOC33","Abundance","Nematoda",NA,"Nematodes","Herbivores","43556","SE",24.669603524229,2.6431718061674,3,26.6960352422907,3.4361233480176,3,"Below-ground","Domestic","Large","Large","Abundance","Exclosure",9,FALSE,4.57810786141553,5.95154021984016,0.0789432023401207,0.0280465950717115,64
66,"#1013","Zhang et al., 2022","LOC33","Abundance","Nematoda",NA,"Nematodes","Predator","43556","SE",9.2511013215859,1.5969162995594,3,13.3810572687224,1.8722466960353,3,"Below-ground","Domestic","Large","Large","Abundance","Exclosure",9,FALSE,2.76594016627176,3.24282640183611,0.369097463937285,0.0493742971074512,65
67,"#1013","Zhang et al., 2022","LOC33","Richness","Nematoda",NA,"Nematodes",NA,"43556","SE",32.67,1.33,3,27.44,1.3,3,"Below-ground","Domestic","Large","Large","Richness","Exclosure",9,FALSE,2.30362757406661,2.25166604983954,-0.174455422755294,0.00390180903229986,66
68,"#1013","Zhang et al., 2022","LOC33","Diversity","Nematoda",NA,"Nematodes",NA,"43556","SE",2.8,0.03,3,3.09,0.06,3,"Below-ground","Domestic","Large","Large","Diversity","Exclosure",9,FALSE,0.0519615242270663,0.103923048454133,0.0985516737284959,0.000491834282020849,67
69,"#1289","Van der Plas 2014","LOC28","Richness","Orthoptera<U+00A0>",NA,NA,"Herbivores","January-May 2010","SE",11.13,0.833,8,11.25,1.411,8,"Above-ground","Native","Mega","Mega","Richness","Exclosure",10,FALSE,2.35607979491358,3.99091067301687,0.0107239633629756,0.0213321736436235,68
70,"#1289","Van der Plas 2014","LOC28","Richness","Orthoptera<U+00A0>",NA,NA,"Herbivores","January-May 2010","SE",12.75,0.818,8,11.25,1.411,8,"Above-ground","Native","Mega",NA,"Richness","Exclosure",10,FALSE,2.31365338804238,3.99091067301687,-0.125163142954006,0.0198468368644538,69
71,"#1289","Van der Plas 2014","LOC28","Abundance","Orthoptera<U+00A0>",NA,NA,"Herbivores","January-May 2010","SE",55.13,17.326,8,57,17.624,8,"Above-ground","Native","Mega","Mega","Abundance","Exclosure",10,FALSE,49.0053283633525,49.8481996465269,0.033357235232958,0.194369295498989,70
72,"#1289","Van der Plas 2014","LOC28","Abundance","Orthoptera<U+00A0>",NA,NA,"Herbivores","January-May 2010","SE",49.25,6.7,8,57,17.624,8,"Above-ground","Native","Mega",NA,"Abundance","Exclosure",10,FALSE,18.9504617357995,49.8481996465269,0.146141900216452,0.114107347734504,71
73,"#1157","Vandegehuchte et al., 2018","LOC17","Abundance","Hemiptera","Fulgoromorpha and Cicadomorpha (multiple families)","Leaf hoppers","Herbivore","June-September 2013","SE",19.222,3.774,9,39.444,9.606,9,"Above-ground","Native","Medium","Medium","Abundance","Exclosure",4,FALSE,11.322,28.818,0.71882648806899,0.0978577892998328,72
74,"#1157","Vandegehuchte et al., 2018","LOC17","Abundance","Hemiptera","Fulgoromorpha and Cicadomorpha (multiple families)","Leaf hoppers","Herbivore","June-September 2013","SE",32.333,12.136,9,39.444,9.606,9,"Above-ground","Native","Medium",NA,"Abundance","Exclosure",4,FALSE,36.408,28.818,0.198793563966301,0.200192538819429,73
75,"#1157","Vandegehuchte et al., 2018","LOC17","Abundance","Hemiptera","Fulgoromorpha and Cicadomorpha (multiple families)","Leaf hoppers","Herbivore","June-September 2013","SE",14.444,2.714,9,39.444,9.606,9,"Above-ground","Native","Medium",NA,"Abundance","Exclosure",4,FALSE,8.142,28.818,1.00460284105487,0.0946150555617223,74
76,"#1157","Vandegehuchte et al., 2018","LOC17","Abundance","Hemiptera","Fulgoromorpha and Cicadomorpha (multiple families)","Leaf hoppers","Herbivore","June-September 2013","SE",31.889,5.796,9,32.444,5.895,9,"Above-ground","Native","Medium","Medium","Abundance","Exclosure",4,FALSE,17.388,17.685,0.0172544034702094,0.0660491009734001,75
77,"#1157","Vandegehuchte et al., 2018","LOC17","Abundance","Hemiptera","Fulgoromorpha and Cicadomorpha (multiple families)","Leaf hoppers","Herbivore","June-September 2013","SE",41.556,9.183,9,32.444,5.895,9,"Above-ground","Native","Medium",NA,"Abundance","Exclosure",4,FALSE,27.549,17.685,-0.247526389000187,0.0818457352720768,76
78,"#1157","Vandegehuchte et al., 2018","LOC17","Abundance","Hemiptera","Fulgoromorpha and Cicadomorpha (multiple families)","Leaf hoppers","Herbivore","June-September 2013","SE",24.667,4.972,9,32.444,5.895,9,"Above-ground","Native","Medium",NA,"Abundance","Exclosure",4,FALSE,14.916,17.685,0.274049208249831,0.0736424384057995,77
79,"#1021","Vaisanen et al., 2025","LOC09","Abundance","Sarcoptiformes","Oribatida","Oribatid mites","Decomposers","44770","SE",25684.124,4338.759,12,22971.22,3940.736,12,"Below-ground","Native","Large",NA,"Abundance","Exclosure",28,FALSE,15029.9020595935,13651.1099424315,-0.11163092978223,0.0579663039066617,78
80,"#1022","Vaisanen et al., 2026","LOC09","Abundance","Sarcoptiformes","Oribatida","Oribatid mites","Decomposers","44770","SE",25684.124,4338.759,12,24866.499,4471.42,11,"Below-ground","Native","Large",NA,"Abundance","Exclosure",3,FALSE,15029.9020595935,14830.0224200909,-0.0323515819370451,0.0608707190802057,79
81,"#1603","Torma et al., 2023","LOC13","Richness",NA,NA,"Ground beetle","Predator","May-June 2018","SE",13.5859882522141,1.6303361446082,3,13.937353800621,1.4054621936278,3,"Ground & litter-dwelling","Domestic","Large","Large","Richness","Exclosure",0,FALSE,2.82382503587736,2.43433192748056,0.0255335734529588,0.0245692969589909,80
82,"#1603","Torma et al., 2023","LOC13","Richness",NA,NA,"Spider","Predator","May-June 2018","SE",18.9621181599848,1.7626088015665,3,20.221124446818,1.1750725343777,3,"Ground & litter-dwelling","Domestic","Large","Large","Richness","Exclosure",0,FALSE,3.05292799818127,2.0352853321209,0.064284614784408,0.0120173902714815,81
83,"#1603","Torma et al., 2023","LOC13","Richness",NA,NA,"Plant Hopper","Herbivore","May-June 2018","SE",11.5759479438963,1.13310565815,3,10.2330079046075,1.678675049111,3,"Above-ground","Domestic","Large","Large","Richness","Exclosure",0,FALSE,1.96259657025957,2.90755047445843,-0.123310927853299,0.0364921743076344,82
84,"#1603","Torma et al., 2023","LOC13","Richness",NA,NA,"Ground beetle","Predator","May-June 2018","SE",8.57916973363442,1.03217143500025,3,7.32437308716351,1.07264874617675,3,"Ground & litter-dwelling","Domestic","Large","Large","Richness","Exclosure",0,FALSE,1.78777336754171,1.85788212705318,-0.15812957530558,0.0359221941864918,83
85,"#1603","Torma et al., 2023","LOC13","Richness",NA,NA,"Spider","Predator","May-June 2018","SE",14.3674252318711,1.3357512688239,3,15.2174487665772,1.5583764802945,3,"Ground & litter-dwelling","Domestic","Large","Large","Richness","Exclosure",0,FALSE,2.31358906387758,2.69918724119044,0.057479207226579,0.0191308096803551,84
86,"#1603","Torma et al., 2023","LOC13","Richness",NA,NA,"Plant Hopper","Herbivore","May-June 2018","SE",11.1899563045174,0.6476369788237,3,11.2506722712821,0.829784879117899,3,"Above-ground","Domestic","Large","Large","Richness","Exclosure",0,FALSE,1.12174015218306,1.4372295699846,0.005411266864977,0.00878939366714592,85
87,"#1603","Torma et al., 2023","LOC13","Abundance",NA,NA,"Ground beetle","Predator","May-June 2018","SE",140.906269397889,60.348989585489,3,140.259673080902,65.090695910063,3,"Ground & litter-dwelling","Domestic","Large","Large","Abundance","Exclosure",0,FALSE,104.527516147512,112.740392416245,-0.00459940098828492,0.398797345984072,86
88,"#1603","Torma et al., 2023","LOC13","Abundance",NA,NA,"Spider","Predator","May-June 2018","SE",110.30071039382,19.182357403959,3,122.154976205256,15.302779502034,3,"Ground & litter-dwelling","Domestic","Large","Large","Abundance","Exclosure",0,FALSE,33.224817632602,26.5051915945464,0.10208016855415,0.0459380105603825,87
89,"#1603","Torma et al., 2023","LOC13","Abundance",NA,NA,"Plant Hopper","Herbivore","May-June 2018","SE",92.6270777294985,16.3804400303465,3,61.1593903027794,16.1649079246845,3,"Above-ground","Domestic","Large","Large","Abundance","Exclosure",0,FALSE,28.3717543828952,27.9984418252263,-0.415098102869507,0.101132055333944,88
90,"#1603","Torma et al., 2023","LOC13","Abundance",NA,NA,"Ground beetle","Predator","May-June 2018","SE",39.2617916006559,13.385586036299,3,32.8080269045833,8.8440479168403,3,"Ground & litter-dwelling","Domestic","Large","Large","Abundance","Exclosure",0,FALSE,23.1845151039544,15.3183403365411,-0.179578613906034,0.188902155834669,89
91,"#1603","Torma et al., 2023","LOC13","Abundance",NA,NA,"Spider","Predator","May-June 2018","SE",83.243002862781,16.7319825453737,3,89.9357958809305,16.0148975791435,3,"Ground & litter-dwelling","Domestic","Large","Large","Abundance","Exclosure",0,FALSE,28.9806438799429,27.7386162850884,0.077331961021687,0.0721107164297276,90
92,"#1603","Torma et al., 2023","LOC13","Abundance",NA,NA,"Plant Hopper","Herbivore","May-June 2018","SE",92.565107423775,20.556435698602,3,127.70227076906,36.332304955668,3,"Above-ground","Domestic","Large","Large","Abundance","Exclosure",0,FALSE,35.6047910525013,62.9293981393035,0.321789283977307,0.130262240491565,91
93,"#2127","Vanbergen et al., 2006","LOC23","Abundance","Diptera","Tephritidae","Flies","Herbivore","37834","SE",4.12658416311483,1.37547383279444,10,6.21969651736723,2.63134124534588,10,"Above-ground","Domestic","Large","Large","Abundance","Natural grazed vs ungrazed",10,FALSE,4.34963017359203,8.32103163643692,0.410271128535366,0.290087072004782,92
94,"#2127","Vanbergen et al., 2006","LOC23","Abundance","Diptera","Tephritidae","Flies","Herbivore","37834","SE",18.1504369366059,4.8141584147805,10,6.07018849206349,3.16957013643935,10,"Above-ground","Domestic","Large","Large","Abundance","Natural grazed vs ungrazed",10,FALSE,15.223705607572,10.023060834799,-1.09530497641579,0.342994674682913,93
95,"#2127","Vanbergen et al., 2006","LOC23","Abundance","Hymenpotera","Pteromalidae","Wasp","Parasitoid","37834","SE",3.7976665074466,1.22596580749069,10,0.388883530521259,0.119606420242994,10,"Above-ground","Domestic","Large","Large","Abundance","Natural grazed vs ungrazed",10,FALSE,3.8768442851581,0.378228710747131,-2.2788621887175,0.19880865097512,94
96,"#2347","Warner et al., 2021","LOC22","Richness","Coleoptera","Carabidae","Ground beetles","Predator","7 June - 18 August 2018","SE",5.35737704918033,0.603278688524591,5,4.75409836065574,0.55081967213115,5,"Ground & litter-dwelling","Native","Medium","Medium","Richness","Exclosure",NA,FALSE,1.34897215691791,1.2316702302294,-0.119467440005328,0.0261043778024184,95
97,"#2347","Warner et al., 2021","LOC22","Richness","Coleoptera","Carabidae","Ground beetles","Predator","8 June - 18 August 2018","SE",5.96065573770492,0.42622950819672,14,5.3304189435337,0.41894353369763,14,"Ground & litter-dwelling","Native","Medium","Medium","Richness","Exclosure",NA,FALSE,1.59480478780528,1.56754316750091,-0.111750662002942,0.011290424712907,96
98,"#1078","Zhu et al., 2024","LOC38","Abundance","Orthoptera","Acrididae","Grasshopper","Herbivore","Mid and late August 2021","SE",6.333,1.093,6,13.417,1.3,6,"Above-ground","Domestic","Large","Large","Abundance","Exclosure",1,FALSE,2.67729228886201,3.18433666561813,0.750748502074041,0.0391746886108061,97
99,"#1508","Zhu et al., 2019","LOC38","Richness","Multiple",NA,"Mixed insect community","Herbivore","Mid July - late September 2014","SE",19.0245302398647,1.1800646486617,4,23.3435668539665,0.330418101625298,4,"Above-ground","Domestic","Medium","Medium","Richness","Exclosure",4,FALSE,2.3601292973234,0.660836203250597,0.204592224974725,0.00404789687247669,98
100,"#1508","Zhu et al., 2019","LOC38","Abundance","Multiple",NA,"Mixed insect community","Herbivore","Mid July - late September 2014","SE",24.2168146939762,0.377620687571699,4,18.7177134312126,0.802443961089999,4,"Above-ground","Domestic","Medium","Medium","Abundance","Exclosure",4,FALSE,0.755241375143399,1.60488792218,-0.257576896130192,0.00208106011414111,99
101,"#1508","Zhu et al., 2019","LOC38","Richness","Multiple",NA,"Mixed insect community","Predator","Mid July - late September 2014","SE",9.25874475873544,0.45543294509152,4,8.01665490848586,0.322855,4,"Above-ground","Domestic","Medium","Medium","Richness","Exclosure",4,FALSE,0.91086589018304,0.64571,-0.14404724309185,0.00404152316775369,100
102,"#1508","Zhu et al., 2019","LOC38","Abundance","Multiple","Multiple","Mixed insect community","Predator","Mid July - late September 2014","SE",11.0804765391015,0.4802555740433,4,4.53880332778702,0.248417970049919,4,"Above-ground","Domestic","Medium","Medium","Abundance","Exclosure",4,FALSE,0.960511148086599,0.496835940099839,-0.8925212962175,0.00487416877734794,101
103,"#1097","Zhu et al., 2023","LOC18","Abundance","Multiple","Multiple","Mixed arthropod community","Herbivores","June-September 2018","SE",177.556,76.487,3,139.778,13.587,3,"Above-ground","Domestic","Large","Large","Abundance","Exclosure",24,FALSE,132.479370118521,23.5333743224383,-0.239230602367757,0.195017269169178,102
104,"#1097","Zhu et al., 2023","LOC18","Abundance","Multiple","Multiple","Mixed arthropod community","Herbivores","June-September 2018","SE",177.444,59.563,3,81.889,9.557,3,"Above-ground","Domestic","Large","Large","Abundance","Exclosure",24,FALSE,103.166142251225,16.5532095679358,-0.773290394475051,0.126296226494425,103
105,"#1097","Zhu et al., 2023","LOC18","Abundance","Multiple","Multiple","Mixed arthropod community","Herbivores","June-September 2018","SE",147.778,17.421,3,72,7.198,3,"Above-ground","Domestic","Large","Large","Abundance","Exclosure",20,FALSE,30.1740571186574,12.4673017128808,-0.719045028621793,0.0238916223249658,104
106,"#1097","Zhu et al., 2023","LOC18","Abundance","Multiple","Multiple","Mixed arthropod community","Herbivores","June-September 2018","SE",68.667,19.698,3,88.111,32.864,3,"Above-ground","Domestic","Large","Large","Abundance","Exclosure",6,FALSE,34.1179368074917,56.9221177399436,0.249328648785165,0.221407321744664,105
107,"#1097","Zhu et al., 2023","LOC18","Abundance","Multiple","Multiple","Mixed arthropod community","Pollinators","June-September 2018","SE",1.889,0.778,3,1,0.509,3,"Above-ground","Domestic","Large","Large","Abundance","Exclosure",24,FALSE,1.34753552828859,0.881613861052558,-0.636047588519372,0.428708115946127,106
108,"#1097","Zhu et al., 2023","LOC18","Abundance","Multiple","Multiple","Mixed arthropod community","Pollinators","June-September 2018","SE",1.556,0.401,3,0.778,0.401,3,"Above-ground","Domestic","Large","Large","Abundance","Exclosure",24,FALSE,0.69455237383512,0.69455237383512,-0.693147180559945,0.332077586719623,107
109,"#1097","Zhu et al., 2023","LOC18","Abundance","Multiple","Multiple","Mixed arthropod community","Pollinators","June-September 2018","SE",3.111,0.729,3,1.333,0.577,3,"Above-ground","Domestic","Large","Large","Abundance","Exclosure",20,FALSE,1.26266503871771,0.999393315967242,-0.847512176718928,0.242276687899565,108
110,"#1097","Zhu et al., 2023","LOC18","Abundance","Multiple","Multiple","Mixed arthropod community","Pollinators","June-September 2018","SE",1.556,0.484,3,2.222,2.058,3,"Above-ground","Domestic","Large","Large","Abundance","Exclosure",6,FALSE,0.838312590863337,3.56456056197675,0.356289265461238,0.954587349295771,109
111,"#1097","Zhu et al., 2023","LOC18","Abundance","Multiple","Multiple","Mixed arthropod community","Predator","June-September 2018","SE",42.444,9.081,3,48.889,16.747,3,"Above-ground","Domestic","Large","Large","Abundance","Exclosure",24,FALSE,15.728753383533,29.006654874356,0.141366862289434,0.163117199343037,110
112,"#1097","Zhu et al., 2023","LOC18","Abundance","Multiple","Multiple","Mixed arthropod community","Predator","June-September 2018","SE",22.889,7.243,3,51.333,20.484,3,"Above-ground","Domestic","Large","Large","Abundance","Exclosure",24,FALSE,12.5452439992214,35.4793287422409,0.807677374407432,0.259368567822313,111
113,"#1097","Zhu et al., 2023","LOC18","Abundance","Multiple","Multiple","Mixed arthropod community","Predator","June-September 2018","SE",22.111,4.24,3,80.556,14.878,3,"Above-ground","Domestic","Large","Large","Abundance","Exclosure",20,FALSE,7.34389542409204,25.7694519150098,1.2928773724946,0.07088271594514,112
114,"#1097","Zhu et al., 2023","LOC18","Abundance","Multiple","Multiple","Mixed arthropod community","Predator","June-September 2018","SE",20,2.524,3,56.333,8.505,3,"Above-ground","Domestic","Large","Large","Abundance","Exclosure",6,FALSE,4.37169623830385,14.7310921183733,1.0355482355237,0.0387205623833399,113
115,"#1097","Zhu et al., 2023","LOC18","Abundance","Multiple","Multiple","Mixed arthropod community","Parasitoid","June-September 2018","SE",29.556,3.663,3,44.778,18.566,3,"Above-ground","Domestic","Large","Large","Abundance","Exclosure",24,FALSE,6.3445021081248,32.1572552933238,0.415430178450904,0.187272134016724,114
116,"#1097","Zhu et al., 2023","LOC18","Abundance","Multiple","Multiple","Mixed arthropod community","Parasitoid","June-September 2018","SE",6.333,2.028,3,8.222,4.801,3,"Above-ground","Domestic","Large","Large","Abundance","Exclosure",24,FALSE,3.51259903774968,8.31557592713818,0.261039430941393,0.443509527846964,115
117,"#1097","Zhu et al., 2023","LOC18","Abundance","Multiple","Multiple","Mixed arthropod community","Parasitoid","June-September 2018","SE",18.889,1.614,3,27.889,5.236,3,"Above-ground","Domestic","Large","Large","Abundance","Exclosure",20,FALSE,2.79553000341617,9.06901802843064,0.389652603801691,0.0425490256103483,116
118,"#1097","Zhu et al., 2023","LOC18","Abundance","Multiple","Multiple","Mixed arthropod community","Parasitoid","June-September 2018","SE",52.333,27.236,3,47.333,21.497,3,"Above-ground","Domestic","Large","Large","Abundance","Exclosure",6,FALSE,47.1741357949459,37.2338962103082,-0.100419420578329,0.477120085615331,117
119,"#1097","Zhu et al., 2023","LOC18","Abundance","Multiple","Multiple","Mixed arthropod community","Omnivore","June-September 2018","SE",73.444,30.224,3,13,2.404,3,"Above-ground","Domestic","Large","Large","Abundance","Exclosure",24,FALSE,52.3495036079617,4.16385014139558,-1.7315738535984,0.203548898210483,118
120,"#1097","Zhu et al., 2023","LOC18","Abundance","Multiple","Multiple","Mixed arthropod community","Omnivore","June-September 2018","SE",80.111,58.478,3,7.556,6.889,3,"Above-ground","Domestic","Large","Large","Abundance","Exclosure",24,FALSE,101.286867125013,11.932098013342,-2.36107122334595,1.3640886799913,119
121,"#1097","Zhu et al., 2023","LOC18","Abundance","Multiple","Multiple","Mixed arthropod community","Omnivore","June-September 2018","SE",13.667,6.406,3,6.556,0.484,3,"Above-ground","Domestic","Large","Large","Abundance","Exclosure",20,FALSE,11.0955174732862,0.838312590863337,-0.73460350710108,0.22514890124983,120
122,"#1097","Zhu et al., 2023","LOC18","Abundance","Multiple","Multiple","Mixed arthropod community","Omnivore","June-September 2018","SE",0.222,0.111,3,6.667,3.283,3,"Above-ground","Domestic","Large","Large","Abundance","Exclosure",6,FALSE,0.192257639640145,5.68632280124862,3.40224788074578,0.492482753618431,121
123,"#1097","Zhu et al., 2023","LOC18","Abundance","Multiple","Multiple","Mixed arthropod community","Detritivore","June-September 2018","SE",2.556,1.281,3,1.444,0.401,3,"Above-ground","Domestic","Large","Large","Abundance","Exclosure",24,FALSE,2.21875708449573,0.69455237383512,-0.571026496044654,0.328292838064754,122
124,"#1097","Zhu et al., 2023","LOC18","Abundance","Multiple","Multiple","Mixed arthropod community","Detritivore","June-September 2018","SE",0.111,0.111,3,11.667,6.064,3,"Above-ground","Domestic","Large","Large","Abundance","Exclosure",24,FALSE,0.192257639640145,10.5031560970977,4.65498942151152,1.2701469007729,123
125,"#1097","Zhu et al., 2023","LOC18","Abundance","Multiple","Multiple","Mixed arthropod community","Detritivore","June-September 2018","SE",6.556,4.904,3,97.111,10.774,3,"Above-ground","Domestic","Large","Large","Abundance","Exclosure",20,FALSE,8.49397716031777,18.6611154007471,2.69547399327232,0.571838396302009,124
126,"#1097","Zhu et al., 2023","LOC18","Abundance","Multiple","Multiple","Mixed arthropod community","Detritivore","June-September 2018","SE",5.556,2.406,3,16.222,9.101,3,"Above-ground","Domestic","Large","Large","Abundance","Exclosure",6,FALSE,4.16731424301072,15.7633943996844,1.07148992075606,0.502280959193641,125
127,"#1097","Zhu et al., 2023","LOC18","Abundance","Multiple","Multiple","Mixed arthropod community","Total","June-September 2018","SE",412.111,109.151,3,354.222,60.511,3,"Above-ground","Domestic","Large","Large","Abundance","Exclosure",24,FALSE,189.055077696951,104.8081264168,-0.151368895317766,0.0993320658608015,126
128,"#1097","Zhu et al., 2023","LOC18","Abundance","Multiple","Multiple","Mixed arthropod community","Total","June-September 2018","SE",309.333,20.694,3,179.667,37.192,3,"Above-ground","Domestic","Large","Large","Abundance","Exclosure",24,FALSE,35.8430594118303,64.4184336351017,-0.543313229004567,0.047326591925383,127
129,"#1097","Zhu et al., 2023","LOC18","Abundance","Multiple","Multiple","Mixed arthropod community","Total","June-September 2018","SE",236.556,21.897,3,394.222,34.025,3,"Above-ground","Domestic","Large","Large","Abundance","Exclosure",20,FALSE,37.9267165333357,58.933028727531,0.510729236023393,0.0160177153205449,128
130,"#1097","Zhu et al., 2023","LOC18","Abundance","Multiple","Multiple","Mixed arthropod community","Total","June-September 2018","SE",174.778,56.399,3,288.556,92.195,3,"Above-ground","Domestic","Large","Large","Abundance","Exclosure",6,FALSE,97.6859334960771,159.686424203813,0.501372577387013,0.206211676783641,129
131,"#1097","Zhu et al., 2023","LOC18","Abundance","Multiple","Multiple","Mixed arthropod community","Herbivore","June-September 2018","SE",4.83,0.215,3,8.804,2.126,3,"Ground & litter-dwelling","Domestic","Large","Large","Abundance","Exclosure",24,FALSE,0.372390923627309,3.68234001689143,0.600359695999734,0.060294591262367,130
132,"#1097","Zhu et al., 2023","LOC18","Abundance","Multiple","Multiple","Mixed arthropod community","Herbivore","June-September 2018","SE",9.826,1.159,3,2.99,0.577,3,"Ground & litter-dwelling","Domestic","Large","Large","Abundance","Exclosure",24,FALSE,2.00744688597233,0.999393315967242,-1.18975854634386,0.0511527256446332,131
133,"#1097","Zhu et al., 2023","LOC18","Abundance","Multiple","Multiple","Mixed arthropod community","Herbivore","June-September 2018","SE",4.538,0.818,3,1.391,0.554,3,"Ground & litter-dwelling","Domestic","Large","Large","Abundance","Exclosure",20,FALSE,1.41681756059134,0.959556147393158,-1.18246347341634,0.191114763244982,132
134,"#1097","Zhu et al., 2023","LOC18","Abundance","Multiple","Multiple","Mixed arthropod community","Herbivore","June-September 2018","SE",5.601,3.06,3,1.583,0.821,3,"Ground & litter-dwelling","Domestic","Large","Large","Abundance","Exclosure",6,FALSE,5.30007547116076,1.42201371301405,-1.26362337232882,0.567460359175401,133
135,"#1097","Zhu et al., 2023","LOC18","Abundance","Multiple","Multiple","Mixed arthropod community","Predator","June-September 2018","SE",22.511,3.379,3,15.837,0.53,3,"Ground & litter-dwelling","Domestic","Large","Large","Abundance","Exclosure",24,FALSE,5.85259967877524,0.917986928011505,-0.351655104122438,0.0236512976724778,134
136,"#1097","Zhu et al., 2023","LOC18","Abundance","Multiple","Multiple","Mixed arthropod community","Predator","June-September 2018","SE",15.695,4.206,3,12.687,2.745,3,"Ground & litter-dwelling","Domestic","Large","Large","Abundance","Exclosure",24,FALSE,7.2850056966347,4.75447946677657,-0.212764343135456,0.118628158110955,135
137,"#1097","Zhu et al., 2023","LOC18","Abundance","Multiple","Multiple","Mixed arthropod community","Predator","June-September 2018","SE",11.339,0.693,3,7.216,1.223,3,"Ground & litter-dwelling","Domestic","Large","Large","Abundance","Exclosure",20,FALSE,1.20031120964523,2.11829813765674,-0.45194732822938,0.0324602152424244,136
138,"#1097","Zhu et al., 2023","LOC18","Abundance","Multiple","Multiple","Mixed arthropod community","Predator","June-September 2018","SE",26.006,7.229,3,23.854,3.733,3,"Ground & litter-dwelling","Domestic","Large","Large","Abundance","Exclosure",6,FALSE,12.5209952879154,6.46574566465462,-0.0863753624726509,0.101759987727697,137
139,"#1097","Zhu et al., 2023","LOC18","Abundance","Multiple","Multiple","Mixed arthropod community","Parasitoid","June-September 2018","SE",2.804,0.326,3,3.856,1.116,3,"Ground & litter-dwelling","Domestic","Large","Large","Abundance","Exclosure",24,FALSE,0.564648563267454,1.93296870124687,0.318583407575956,0.0972803727591151,138
140,"#1097","Zhu et al., 2023","LOC18","Abundance","Multiple","Multiple","Mixed arthropod community","Parasitoid","June-September 2018","SE",4.894,0.895,3,10.593,3.69,3,"Ground & litter-dwelling","Domestic","Large","Large","Abundance","Exclosure",24,FALSE,1.55018547277415,6.39126747992916,0.772183440593879,0.15478701100206,139
141,"#1097","Zhu et al., 2023","LOC18","Abundance","Multiple","Multiple","Mixed arthropod community","Parasitoid","June-September 2018","SE",2.389,0.318,3,2.827,0.552,3,"Ground & litter-dwelling","Domestic","Large","Large","Abundance","Exclosure",20,FALSE,0.550792156806903,0.95609204577802,0.168341210367781,0.0558447603387273,140
142,"#1097","Zhu et al., 2023","LOC18","Abundance","Multiple","Multiple","Mixed arthropod community","Parasitoid","June-September 2018","SE",4.383,2.056,3,4.335,1.932,3,"Ground & litter-dwelling","Domestic","Large","Large","Abundance","Exclosure",6,FALSE,3.56109646036161,3.34632216022307,-0.0110118112041669,0.418666806781992,141
143,"#1097","Zhu et al., 2023","LOC18","Abundance","Multiple","Multiple","Mixed arthropod community","Omnivore","June-September 2018","SE",24.793,5.072,3,15.93,2.602,3,"Ground & litter-dwelling","Domestic","Large","Large","Abundance","Exclosure",24,FALSE,8.78496169598935,4.50679620129422,-0.442357231342158,0.0685302974202599,142
144,"#1097","Zhu et al., 2023","LOC18","Abundance","Multiple","Multiple","Mixed arthropod community","Omnivore","June-September 2018","SE",25.175,4.163,3,6.031,2.289,3,"Ground & litter-dwelling","Domestic","Large","Large","Abundance","Exclosure",24,FALSE,7.21052751190924,3.96466429852516,-1.42893860413578,0.171394633237326,143
145,"#1097","Zhu et al., 2023","LOC18","Abundance","Multiple","Multiple","Mixed arthropod community","Omnivore","June-September 2018","SE",13.79,4.107,3,11.175,2.076,3,"Ground & litter-dwelling","Domestic","Large","Large","Abundance","Exclosure",20,FALSE,7.11353266668538,3.59573747651299,-0.210264551305578,0.123210605227106,144
146,"#1097","Zhu et al., 2023","LOC18","Abundance","Multiple","Multiple","Mixed arthropod community","Omnivore","June-September 2018","SE",2.701,1.546,3,16.961,2.945,3,"Ground & litter-dwelling","Domestic","Large","Large","Abundance","Exclosure",6,FALSE,2.67775054850148,5.10088962829034,1.83729451607922,0.357768188501185,145
147,"#1097","Zhu et al., 2023","LOC18","Abundance","Multiple","Multiple","Mixed arthropod community","Detritivore","June-September 2018","SE",3.693,0.33,3,4.485,1.267,3,"Ground & litter-dwelling","Domestic","Large","Large","Abundance","Exclosure",24,FALSE,0.571576766497729,2.19450837318977,0.194299359640333,0.0877895713226231,146
148,"#1097","Zhu et al., 2023","LOC18","Abundance","Multiple","Multiple","Mixed arthropod community","Detritivore","June-September 2018","SE",1.458,0.743,3,6.215,2.424,3,"Ground & litter-dwelling","Domestic","Large","Large","Abundance","Exclosure",24,FALSE,1.28691375002368,4.19849115754696,1.44990009137621,0.411813222936986,147
149,"#1097","Zhu et al., 2023","LOC18","Abundance","Multiple","Multiple","Mixed arthropod community","Detritivore","June-September 2018","SE",3.812,0.956,3,4.875,0.052,3,"Ground & litter-dwelling","Domestic","Large","Large","Abundance","Exclosure",20,FALSE,1.65584057203585,0.0900666419935816,0.245966118657855,0.0630078913573613,148
150,"#1097","Zhu et al., 2023","LOC18","Abundance","Multiple","Multiple","Mixed arthropod community","Detritivore","June-September 2018","SE",4.198,2.266,3,13.342,4.528,3,"Ground & litter-dwelling","Domestic","Large","Large","Abundance","Exclosure",6,FALSE,3.92482712995108,7.84272605667188,1.15630873288888,0.406541743336144,149
151,"#1097","Zhu et al., 2023","LOC18","Abundance","Multiple","Multiple","Mixed arthropod community","Scavenger","June-September 2018","SE",0.848,0.499,3,1.57,0.234,3,"Ground & litter-dwelling","Domestic","Large","Large","Abundance","Exclosure",24,FALSE,0.86429335297687,0.405299888971117,0.615950262550451,0.368479919174592,150
152,"#1097","Zhu et al., 2023","LOC18","Abundance","Multiple","Multiple","Mixed arthropod community","Scavenger","June-September 2018","SE",0.034,0.034,3,0.741,0.686,3,"Ground & litter-dwelling","Domestic","Large","Large","Abundance","Exclosure",24,FALSE,0.0588897274573418,1.18818685399225,3.08164010067993,1.85706116219647,151
153,"#1097","Zhu et al., 2023","LOC18","Abundance","Multiple","Multiple","Mixed arthropod community","Scavenger","June-September 2018","SE",0.016,0.016,3,0.111,0.057,3,"Ground & litter-dwelling","Domestic","Large","Large","Abundance","Exclosure",20,FALSE,0.027712812921102,0.098726896031426,1.93694147907255,1.26369612856099,152
154,"#1097","Zhu et al., 2023","LOC18","Abundance","Multiple","Multiple","Mixed arthropod community","Scavenger","June-September 2018","SE",0.21,0.166,3,3.217,1.162,3,"Ground & litter-dwelling","Domestic","Large","Large","Abundance","Exclosure",6,FALSE,0.287520434056434,2.01264303839504,2.72909699652156,0.755322449064869,153
155,"#1097","Zhu et al., 2023","LOC18","Abundance","Multiple","Multiple","Mixed arthropod community","Total","June-September 2018","SE",62.507,5.149,3,53.452,5.407,3,"Ground & litter-dwelling","Domestic","Large","Large","Abundance","Exclosure",24,FALSE,8.91832960817215,9.36519871652492,-0.15649449555201,0.0170181756431542,154
156,"#1097","Zhu et al., 2023","LOC18","Abundance","Multiple","Multiple","Mixed arthropod community","Total","June-September 2018","SE",59.354,1.378,3,39.948,8.294,3,"Ground & litter-dwelling","Domestic","Large","Large","Abundance","Exclosure",24,FALSE,2.38676601282991,14.3656293979763,-0.395940907202379,0.0436450373370521,155
157,"#1097","Zhu et al., 2023","LOC18","Abundance","Multiple","Multiple","Mixed arthropod community","Total","June-September 2018","SE",36.794,3.559,3,28.347,2.585,3,"Ground & litter-dwelling","Domestic","Large","Large","Abundance","Exclosure",20,FALSE,6.16436882413763,4.47735133756555,-0.260813583934993,0.0176721078417638,156
158,"#1097","Zhu et al., 2023","LOC18","Abundance","Multiple","Multiple","Mixed arthropod community","Total","June-September 2018","SE",44.212,6.74,3,65.997,2.484,3,"Ground & litter-dwelling","Domestic","Large","Large","Abundance","Exclosure",6,FALSE,11.6740224430142,4.30241420600109,0.400613040999173,0.0246568037358557,157
159,"#1312","Shen et al., 2025","LOC37","Abundance","Orthoptera",NA,"Grasshopper","Herbivore","June-September 2021 and 2022","SE",880,43.969,3,703.99,27.343,3,NA,"Domestic","Medium","Medium","Abundance","Exclosure",18,FALSE,76.156541957996,47.3594652313558,-0.22315775596055,0.00400502724741598,158
160,"#1796","Ausden et al., 2005","LOC_England","Richness",NA,NA,"Molluscs (snails/slugs)","Herbivore or detritivore","37469","SE",2.5,0.4,3,5.1,0.3,3,"Ground & litter-dwelling","Domestic","Large","Large","Richness","Exclosure",3,FALSE,0.692820323027551,0.519615242270663,0.712949807856125,0.0290602076124567,159
161,"#1796","Ausden et al., 2005","LOC_England","Density",NA,NA,"Molluscs (snails/slugs)","Herbivore or detritivore","37469","SE",32.9,7,3,57.3,15,3,"Ground & litter-dwelling","Domestic","Large","Large","Abundance","Exclosure",3,FALSE,12.1243556529821,25.9807621135332,0.554827965949368,0.113798175871305,160
168,"#1470","Bucher et al., 2021","LOC20","Abundance",NA,NA,NA,NA,"End of May and end of July 2018","SE",116.358024691358,29.32098765432,32,78.395061728395,16.358024691358,32,"Above-ground","Native","Medium","Medium","Abundance","Exclosure",5,FALSE,165.864553611654,92.5349614886098,-0.394910920429475,0.107038239711638,161
169,"#1470","Bucher et al., 2021","LOC20","Richness",NA,NA,NA,NA,"End of May and end of July 2018","SE",3.87132352941176,0.25919117647059,32,3.69485294117647,0.18198529411764,32,"Above-ground","Native","Medium","Medium","Richness","Exclosure",5,FALSE,1.46620670804858,1.02946428437449,-0.0466556916407984,0.00690844236850638,162
170,"#1470","Bucher et al., 2021","LOC20","Diversity",NA,NA,NA,NA,"End of May and end of July 2018","SE",0.65110294117647,0.059558823529412,32,0.685294117647058,0.0518382352941179,32,"Above-ground","Native","Medium","Medium","Diversity","Exclosure",5,FALSE,0.336915583977121,0.293241341609717,0.0511803574627026,0.0140894267491217,163
171,"#1470","Bucher et al., 2021","LOC20","Abundance","Aranaea",NA,"Spider",NA,"End of May and end of July 2018","SE",121.95744680851,18.212765957447,32,109.702127659574,15.829787234043,32,"Above-ground","Native","Medium","Medium","Abundance","Exclosure",5,FALSE,103.026962501394,89.5467991834564,-0.105903424888983,0.0431234415238934,164
172,"#1470","Bucher et al., 2021","LOC20","Richness","Aranaea",NA,"Spider",NA,"End of May and end of July 2018","SE",10.4558823529411,1.2058823529412,32,9.52941176470588,1.16176470588232,32,"Above-ground","Native","Medium","Medium","Richness","Exclosure",5,FALSE,6.8215007126233,6.57193361338067,-0.092781733450959,0.0281640499829279,165
173,"#1470","Bucher et al., 2021","LOC20","Diversity","Aranaea",NA,"Spider",NA,"End of May and end of July 2018","SE",1.8722891566265,0.13012048192771,32,1.82168674698795,0.14939759036144,32,"Above-ground","Native","Medium","Medium","Diversity","Exclosure",5,FALSE,0.736072601138763,0.845120393900034,-0.0273989741881122,0.0115557172256724,166
174,"#1318","Baidya 2025","LOC35","Richness",NA,NA,NA,NA,"2018","SE",14.534,1.329,10,13.087,1.059,10,"Ground & litter-dwelling","Native","Large","Large","Richness","Exclosure",13,FALSE,4.20266701036378,3.34885204211831,-0.104871361121101,0.014909458421234,167
175,"#1318","Baidya 2025","LOC35","Richness",NA,NA,NA,NA,"2018","SE",13.447,1.097,10,13.55,1.385,10,"Ground & litter-dwelling","Native","Medium","Medium","Richness","Exclosure",13,FALSE,3.46901859320471,4.37975455933321,0.00763051448397705,0.0171029267662041,168
176,"#2492","Cope et al., 2019","LOC05","Abundance","Oligochaeta","Lumbricidae + Megascolecidae (Amynthas)","Anecic","Detritivore","Late August to early October 2013 and 2014","SE",5.72147651006711,2.16442953020135,44,4.61409395973154,1.44295302013423,44,"Ground & litter-dwelling","Native","Medium","Medium","Abundance","Exclosure",12.5,FALSE,14.3572012736862,9.57146751579076,-0.215111379616946,0.240908571477715,169
177,"#2492","Cope et al., 2019","LOC05","Abundance","Oligochaeta","Lumbricidae + Megascolecidae (Amynthas)","Endogeic","Detritivore","Late August to early October 2013 and 2014","SE",5.43624161073825,1.34228187919464,44,1.34228187919463,0.48657718120805,44,"Ground & litter-dwelling","Native","Medium","Medium","Abundance","Exclosure",12.5,FALSE,8.90369071236355,3.22758788323174,-1.39871688111845,0.192372566110348,170
178,"#2492","Cope et al., 2019","LOC05","Abundance","Oligochaeta","Lumbricidae + Megascolecidae (Amynthas)","Epigeic","Detritivore","Late August to early October 2013 and 2014","SE",3.05369127516778,0.67114093959732,44,2.3489932885906,0.48657718120806,44,"Ground & litter-dwelling","Native","Medium","Medium","Abundance","Exclosure",12.5,FALSE,4.45184535618178,3.22758788323181,-0.262364264467491,0.09121150827195,171
179,"#2492","Cope et al., 2019","LOC05","Abundance","Oligochaeta","Lumbricidae + Megascolecidae (Amynthas)","Epi-endogeic","Detritivore","Late August to early October 2013 and 2014","SE",3.32214765100671,0.70469798657718,44,4.46308724832215,1.10738255033557,44,"Ground & litter-dwelling","Native","Medium","Medium","Abundance","Exclosure",12.5,FALSE,4.67443762399083,7.34554483769987,0.295229278087165,0.106559092276975,172
180,"#1532","Neff et al., 2007","LOC01","Abundance","Lepidoptera",NA,"Butterflies","Herbivore","June-August 2001","SE",23.171,15.687,4,36.021,45.66,4,"Above-ground","Native","Large","Large","Abundance","Exclosure",4,FALSE,31.374,91.32,0.441200604946079,2.06513691981541,173
181,"#1532","Neff et al., 2007","LOC01","Abundance","Lepidoptera",NA,"Butterflies","Herbivore","June-August 2001","SE",10.509,8.712,5,23.136,14.865,5,"Above-ground","Native","Large","Large","Abundance","Exclosure",4,FALSE,19.4806242199782,33.2391504855344,0.789157813092895,1.10006006799014,174
182,"#1532","Neff et al., 2007","LOC01","Richness","Lepidoptera",NA,"Butterflies","Herbivore","June-August 2001","SE",4.38,2.139,4,5.764,1.837,4,"Above-ground","Native","Large","Large","Richness","Exclosure",4,FALSE,4.278,3.674,0.274582953748921,0.340062892991325,175
183,"#1532","Neff et al., 2007","LOC01","Richness","Lepidoptera",NA,"Butterflies","Herbivore","June-August 2001","SE",3.235,1.822,5,4.41,1.028,5,"Above-ground","Native","Large","Large","Richness","Exclosure",4,FALSE,4.07411585500462,2.29867788086978,0.309845761505891,0.371549629177069,176
184,"#1684","Littlewood 2008","LOC21","Abundance","Lepidoptera",NA,"Moth","Herbivore","3 June - 3 October 2007","SE",33.6812889662525,6.3805206931524,6,47.9977806707884,7.6820199390192,6,"Above-ground","Domestic","Medium","Medium","Abundance","Exclosure",4,FALSE,15.6290199914926,18.8170290444834,0.354212314202428,0.0615026451459794,177
185,"#1684","Littlewood 2008","LOC21","Richness","Lepidoptera",NA,"Moth","Herbivore","3 June - 3 October 2007","SE",10.6168224299065,0.981308411214899,6,13.2118380062305,1.4065420560747,6,"Above-ground","Domestic","Medium","Medium","Richness","Exclosure",4,FALSE,2.40370488777775,3.44531033914814,0.218673481525386,0.0198771160350062,178
186,"#1875","Littlewood et al., 2012","LOC21","Richness","Hemiptera","Auchenorrhyncha",NA,"Herbivore","1 June and 9 July 2007","SE",3.89538461538461,0.48,6,4.43076923076923,0.36923076923076,6,"Above-ground","Domestic","Medium","Medium","Richness","Exclosure",4,FALSE,1.17575507653593,0.904426981950689,0.128780789865926,0.0221282902700096,179
187,"#1875","Littlewood et al., 2012","LOC21","Richness","Hemiptera","Auchenorrhyncha",NA,"Herbivore","1 June and 9 July 2007","SE",1.85454545454545,0.2,6,3.06666666666666,0.30909090909091,6,"Above-ground","Domestic","Medium","Medium","Richness","Exclosure",4,FALSE,0.489897948556635,0.757115011405712,0.502951567335085,0.0217888699318999,180
188,"#1708","Li et al., 2021","LOC38","Abundance","Hemiptera","Aphididae","Aphid","Herbivore","Mid-July and mid-August 2012","SE",423.08,57.88,6,398.33,52.87,6,"Above-ground","Domestic","Medium","Medium","Abundance","Exclosure",2,FALSE,141.77646631229,129.504522700947,-0.0602804789982011,0.0363329833519159,181
189,"#1708","Li et al., 2021","LOC38","Abundance","Coleoptera","Coccinellidae","Lady-beetle","Predator","Mid-July and mid-August 2012","SE",6.42,3.11,6,5.75,2.84,6,"Above-ground","Domestic","Medium","Medium","Abundance","Exclosure",2,FALSE,7.61791310005568,6.95655086950423,-0.110218262892611,0.478616392399384,182
190,"#1825","Nordkvist et al., 2023","LOC_SWEDEN_16STANDS","Abundance",NA,NA,NA,NA,"June and July 2016 (summed)","SE",133.599999999999,24,16,162.399999999999,26.4,16,"Above-ground","Native","Large","Large","Abundance","Exclosure",4,FALSE,96,105.6,0.195212166625034,0.0586970538727049,183
191,"#1193","Pringle et al., 2007","LOC26","Abundance",NA,NA,NA,NA,"June-September 2004 and June-September 2005","SE",23,7,6,26,5,6,"Above-ground","Mixed","Mega",NA,"Abundance","Exclosure",10,FALSE,17.1464281994822,12.2474487139159,0.122602322092332,0.129609847764566,184
192,"#1193","Pringle et al., 2007","LOC26","Abundance","Coleoptera",NA,NA,NA,"June-September 2004 and June-September 2005","SE",3.7,2.8,6,6.9,1.5,6,"Ground & litter-dwelling","Mixed","Mega",NA,"Abundance","Exclosure",10,FALSE,6.8585712797929,3.67423461417477,0.623188591953035,0.619939768103054,185
193,"#1349","Nelson et al., 2021","LOC_NACHUSA","Abundance","Coleoptera",NA,NA,"Carnivore","2018","SE",69,6.66,3,120,10.82,6,"Ground & litter-dwelling","Native","Large","Large","Abundance","Natural grazed vs ungrazed",4,FALSE,11.5354583784087,26.503479016914,0.553385238184787,0.0174464739025415,186
194,"#1349","Nelson et al., 2021","LOC_NACHUSA","Abundance","Coleoptera",NA,NA,"Herbivore","2018","SE",3,2,3,2.17,0.48,6,"Ground & litter-dwelling","Native","Large","Large","Abundance","Natural grazed vs ungrazed",4,FALSE,3.46410161513775,1.17575507653593,-0.323885121115742,0.493373068963971,187
195,"#1349","Nelson et al., 2021","LOC_NACHUSA","Abundance","Coleoptera",NA,NA,"Omnivore","2018","SE",42.33,12.81,3,13.33,3.39,6,"Ground & litter-dwelling","Native","Large","Large","Abundance","Natural grazed vs ungrazed",4,FALSE,22.1875708449573,8.30377022803497,-1.15547892034221,0.156255624602901,188
196,"#1349","Nelson et al., 2021","LOC_NACHUSA","Abundance","Coleoptera",NA,NA,NA,"2018","SE",0.006,0.004,3,0.016,0.009,6,"Ground & litter-dwelling","Native","Large","Large","Abundance","Natural grazed vs ungrazed",4,FALSE,0.00692820323027551,0.0220454076850486,0.980829253011726,0.760850694444444,189
198,"#1349","Nelson et al., 2021","LOC_NACHUSA","Richness","Coleoptera",NA,NA,NA,"2018","SE",1.871,0.183,3,2.096,0.013,6,"Ground & litter-dwelling","Native","Large","Large","Richness","Natural grazed vs ungrazed",4,FALSE,0.316965297785105,0.0318433666561813,0.113557719166843,0.00960500207416709,190
199,"#1520","Moran 2014","LOC07","Abundance",NA,NA,NA,"Herbivore","May-September, 2001 and 2002","SE",124.830188679245,9.50943396226401,3,119.396226415094,23.094339622641,3,"Above-ground","Native","Large","Large","Abundance","Natural grazed vs ungrazed",9,FALSE,16.4708227738623,40.0005695936652,-0.044506727256038,0.0432168680656983,191
200,"#1520","Moran 2014","LOC07","Abundance",NA,NA,NA,"Carnivore","May-September, 2001 and 2002","SE",45.1948051948052,6.9016697588126,3,25.3803339517625,4.0074211502783,3,"Above-ground","Native","Large","Large","Abundance","Natural grazed vs ungrazed",9,FALSE,11.9540426793251,6.94105703960813,-0.577007530647293,0.0482508964336853,192
201,"#1520","Moran 2014","LOC07","Abundance",NA,NA,NA,"Detritivore","May-September, 2001 and 2002","SE",4.11214953271027,0.82242990654206,3,3.14018691588784,0.97196261682243,3,"Above-ground","Native","Large","Large","Abundance","Natural grazed vs ungrazed",9,FALSE,1.42449038379497,1.68348863539405,-0.269663566949103,0.135804988662133,193
202,"#1520","Moran 2014","LOC07","Diversity",NA,NA,NA,"Herbivore","May-September, 2001 and 2002","SE",12.6813186813186,0.939560439560498,3,10.3901098901098,0.6758241758242,3,"Above-ground","Native","Large","Large","Diversity","Natural grazed vs ungrazed",9,FALSE,1.62736641810053,1.17056180951088,-0.199275558969535,0.00972019156633738,194
203,"#1520","Moran 2014","LOC07","Diversity",NA,NA,NA,"Carnivore","May-September, 2001 and 2002","SE",9.35180055401662,1.18282548476448,3,5.88088642659279,0.698060941828261,3,"Above-ground","Native","Large","Large","Diversity","Natural grazed vs ungrazed",9,FALSE,2.04871383609937,1.20907701802593,-0.463861394012593,0.0300871329685617,195
204,"#1585","Qin et al., 2017","LOC36","Richness",NA,NA,NA,NA,"2014","SE",61.9744058500914,4.7531992687385,3,86.0146252285192,1.27970749542961,3,"Above-ground","Domestic","Medium","Medium","Richness","Exclosure",0,FALSE,8.23278263195431,2.21651840091079,0.327795851644984,0.00610365037807037,196
205,"#1585","Qin et al., 2017","LOC36","Richness",NA,NA,NA,NA,"2015","SE",33.08957952468,6.1243144424132,3,63.071297989031,1.2797074954297,3,"Above-ground","Domestic","Medium","Medium","Richness","Exclosure",1,FALSE,10.6076237757875,2.21651840091095,0.645047385765535,0.0346673480702099,197
206,"#2078","Pringle et al., 2015","LOC26","Abundance",NA,NA,NA,NA,"2013 ans 2014","SE",18.9,3.2,3,15.3,1.8,3,"Above-ground","Native","Mega","Mega","Abundance","Exclosure",19,FALSE,5.54256258422041,3.11769145362398,-0.211309093667207,0.0425074411270197,198
207,"#3069","Pan et al., 2019","LOC34","Abundance","Lepidoptera",NA,"Caterpillar","Herbivore","5 Jun<U+2013>11 Aug 2014","SE",331.288343558282,3.271983640082,3,246.216768916155,2.45398773006102,3,"Above-ground","Domestic","Large","Large","Abundance","Exclosure",1,FALSE,5.66724190615618,4.2504314296163,-0.296776802357665,0.000196882757689878,199
208,"#3069","Pan et al., 2019","LOC34","Abundance","Lepidoptera",NA,"Caterpillar","Herbivore","5 Jun<U+2013>11 Aug 2014","SE",298.543260370117,1.31493684095398,3,246.216768916155,2.45398773006102,3,"Above-ground","Domestic","Medium","Medium","Abundance","Exclosure",1,FALSE,2.2775374172764,4.2504314296163,-0.192702525812973,0.000118736362177868,200
209,"#1068","Yang et al., 2017","LOC40","Abundance",NA,NA,NA,NA,"42248","SE",13.68,1.06,6,7.76,0.77,6,"Below-ground","Domestic","Large","Large","Abundance","Exclosure",11,FALSE,2.59645912735017,1.88610710194305,-0.566952577999277,0.015849942788475,201
210,"#1068","Yang et al., 2017","LOC40","Abundance",NA,NA,NA,NA,"42248","SE",14.22,1.17,6,12.67,1.15,6,"Below-ground","Domestic","Large","Large","Abundance","Exclosure",11,FALSE,2.86590299905632,2.81691320420065,-0.115412430042047,0.0150081404033092,202
211,"#1068","Yang et al., 2017","LOC40","Abundance",NA,NA,NA,NA,"42248","SE",1.61,0.06,6,1.82,0.17,6,"Below-ground","Domestic","Large","Large","Abundance","Exclosure",11,FALSE,0.146969384566991,0.41641325627314,0.122602322092332,0.0101136269991045,203
212,"#1068","Yang et al., 2017","LOC40","Abundance",NA,NA,NA,NA,"42248","SE",8.61,0.51,6,6.88,0.53,6,"Below-ground","Domestic","Large","Large","Abundance","Exclosure",11,FALSE,1.24923976881942,1.29822956367508,-0.224305666494387,0.00944297484688324,204
213,"#1068","Yang et al., 2017","LOC40","Richness",NA,NA,NA,NA,"42248","SE",16.17,1.01,6,16.67,0.88,6,"Below-ground","Domestic","Large","Large","Richness","Exclosure",11,FALSE,2.47398464021101,2.1555509736492,0.0304530231736872,0.00668814521436937,205
214,"#1068","Yang et al., 2017","LOC40","Diversity",NA,NA,NA,NA,"42248","SE",2.08,0.11,6,2.11,0.12,6,"Below-ground","Domestic","Large","Large","Diversity","Exclosure",11,FALSE,0.26944387170615,0.293938769133981,0.0143200537747485,0.00603121124094885,206
215,"#1690","Kossoff et al., 2024","LOC14","Abundance",NA,NA,NA,NA,"May-July 2022","SE",19.06,6.94,4,30.75,8.2,3,"Ground & litter-dwelling","Invasive","Small","Small","Abundance","Natural grazed vs ungrazed",NA,FALSE,13.88,14.2028166220648,0.478298096026471,0.203689625527947,207
216,"#1690","Kossoff et al., 2024","LOC14","Abundance",NA,NA,NA,NA,"May-July 2022","SE",13.03,4.78,4,21.58,8.79,3,"Above-ground","Invasive","Small","Small","Abundance","Natural grazed vs ungrazed",NA,FALSE,9.56,15.2247265985304,0.504512568693235,0.30048667838992,208
217,"#1690","Kossoff et al., 2024","LOC14","Richness",NA,NA,NA,NA,"May-July 2022","SE",9,0.91,4,8,2.08,3,"Ground & litter-dwelling","Invasive","Small","Small","Richness","Natural grazed vs ungrazed",NA,FALSE,1.82,3.60266567974326,-0.117783035656384,0.0778234567901235,209
218,"#1624","Huffman et al., 2009","LOC02","Richness",NA,NA,NA,NA,"37408","SE",0.35,0.11,52,1.43,0.17,52,"Above-ground","Native","Large",NA,"Richness","Exclosure",3,FALSE,0.793221280602078,1.22588743365776,1.40749656877049,0.112908230630508,210
219,"#1624","Huffman et al., 2009","LOC02","Richness",NA,NA,NA,NA,"37773","SE",1.3,0.03,30,6.83,0.98,30,"Above-ground","Native","Large",NA,"Richness","Exclosure",4,FALSE,0.16431676725155,5.36768106355063,1.65896040911521,0.0211203824627688,211
220,"#1624","Huffman et al., 2009","LOC02","Richness",NA,NA,NA,NA,"38139","SE",0.5,0.13,30,4.77,0.44,30,"Above-ground","Native","Large",NA,"Richness","Exclosure",5,FALSE,0.712039324756716,2.40997925302273,2.2554934854602,0.076108805470951,212
221,"#1624","Huffman et al., 2009","LOC02","Diversity",NA,NA,NA,NA,"37408","SE",0.06,0.03,52,0.31,0.05,52,"Above-ground","Native","Large",NA,"Diversity","Exclosure",3,FALSE,0.216333076527839,0.360555127546399,1.64222773525709,0.276014568158169,213
222,"#1624","Huffman et al., 2009","LOC02","Diversity",NA,NA,NA,NA,"37773","SE",0.26,0.09,30,1.48,0.17,30,"Above-ground","Native","Large",NA,"Diversity","Exclosure",4,FALSE,0.492950301754649,0.931128347758783,1.73911573574263,0.133016422387524,214
223,"#1624","Huffman et al., 2009","LOC02","Diversity",NA,NA,NA,NA,"38139","SE",0.09,0.04,30,1.31,0.11,30,"Above-ground","Native","Large",NA,"Diversity","Exclosure",5,FALSE,0.219089023002066,0.602494813255683,2.67797274586493,0.204581735358885,215
224,"#1624","Huffman et al., 2009","LOC02","Abundance",NA,NA,NA,"Herbivore","37408","SE",0.38,0.13,52,2.17,0.38,52,"Above-ground","Native","Large",NA,"Abundance","Exclosure",3,FALSE,0.937443331620637,2.74021896935263,1.74231119381407,0.147701346933716,216
225,"#1624","Huffman et al., 2009","LOC02","Abundance",NA,NA,NA,"Herbivore","37773","SE",1.3,0.41,30,8.18,1.52,30,"Above-ground","Native","Large",NA,"Abundance","Exclosure",4,FALSE,2.24566248577118,8.32538287407852,1.83932788614716,0.133996182733167,217
226,"#1624","Huffman et al., 2009","LOC02","Abundance",NA,NA,NA,"Herbivore","38139","SE",0.33,0.15,30,3.98,0.62,30,"Above-ground","Native","Large",NA,"Abundance","Exclosure",5,FALSE,0.821583836257749,3.39587985653203,2.48994444381796,0.230878634210965,218
227,"#1624","Huffman et al., 2009","LOC02","Abundance",NA,NA,NA,"Predator","37408","SE",0.06,0.03,52,0.13,0.05,52,"Above-ground","Native","Large",NA,"Abundance","Exclosure",3,FALSE,0.216333076527839,0.360555127546399,0.773189888233482,0.39792899408284,219
228,"#1624","Huffman et al., 2009","LOC02","Abundance",NA,NA,NA,"Predator","37773","SE",0.12,0.06,30,2.8,0.63,30,"Above-ground","Native","Large",NA,"Abundance","Exclosure",4,FALSE,0.3286335345031,3.45065211228255,3.14988295338125,0.300625,220
229,"#1624","Huffman et al., 2009","LOC02","Abundance",NA,NA,NA,"Predator","38139","SE",0.06,0.05,30,0.98,0.27,30,"Above-ground","Native","Large",NA,"Abundance","Exclosure",5,FALSE,0.273861278752583,1.47885090526395,2.79320800944252,0.770350316997548,221
230,"#1624","Huffman et al., 2009","LOC02","Abundance",NA,NA,NA,"Omnivore","37408","SE",0.005,0.005,52,0.245,0.13,52,"Above-ground","Native","Large",NA,"Abundance","Exclosure",3,TRUE,0.0360555127546399,0.937443331620637,3.89182029811063,1.28154935443565,222
231,"#1624","Huffman et al., 2009","LOC02","Abundance",NA,NA,NA,"Omnivore","37773","SE",0.13,0.06,30,0.7,0.25,30,"Above-ground","Native","Large",NA,"Abundance","Exclosure",4,FALSE,0.3286335345031,1.36930639376292,1.68354588458782,0.340568771887453,223
232,"#1624","Huffman et al., 2009","LOC02","Abundance",NA,NA,NA,"Omnivore","38139","SE",0.37,0.22,30,1.6,0.36,30,"Above-ground","Native","Large",NA,"Abundance","Exclosure",5,FALSE,1.20498962651137,1.9718012070186,1.4642559025896,0.40416773192111,224
233,"#1624","Huffman et al., 2009","LOC02","Abundance",NA,NA,NA,"Pollinator","37408","SE",0.06,0.03,52,0.06,0.03,52,"Above-ground","Native","Large",NA,"Abundance","Exclosure",3,FALSE,0.216333076527839,0.216333076527839,0,0.5,225
234,"#1624","Huffman et al., 2009","LOC02","Abundance",NA,NA,NA,"Pollinator","37773","SE",0.25,0.19,30,3.12,0.95,30,"Above-ground","Native","Large",NA,"Abundance","Exclosure",4,FALSE,1.04067285925982,5.20336429629908,2.52412736294128,0.670312442472058,226
235,"#1624","Huffman et al., 2009","LOC02","Abundance",NA,NA,NA,"Pollinator","38139","SE",0.005,0.005,30,0.015,0.07,30,"Above-ground","Native","Large",NA,"Abundance","Exclosure",5,TRUE,0.0273861278752583,0.383405790253616,1.09861228866811,22.7777777777778,227
236,"#1624","Huffman et al., 2009","LOC02","Abundance",NA,NA,NA,"Parasitoid","37408","SE",0.02,0.02,52,0.05,0.02,52,"Above-ground","Native","Large",NA,"Abundance","Exclosure",3,FALSE,0.14422205101856,0.14422205101856,0.916290731874155,1.16,228
237,"#1624","Huffman et al., 2009","LOC02","Abundance",NA,NA,NA,"Parasitoid","37773","SE",0.005,0.005,30,0.665,0.24,30,"Above-ground","Native","Large",NA,"Abundance","Exclosure",4,TRUE,0.0273861278752583,1.3145341380124,4.89034912822175,1.13025043812539,229
238,"#1624","Huffman et al., 2009","LOC02","Abundance",NA,NA,NA,"Parasitoid","38139","SE",0.005,0.005,30,0.205,0.08,30,"Above-ground","Native","Large",NA,"Abundance","Exclosure",5,TRUE,0.0273861278752583,0.438178046004133,3.71357206670431,1.15229030339084,230
239,"#1485","Guy et al., 2021","LOC26","Richness",NA,NA,NA,"Pollinator","May 30 - July 3, 2014","SE",21.9364599092284,12.9349470499244,3,37.2919818456883,8.77458396369141,3,"Above-ground","Native",NA,NA,"Richness","Exclosure",6,FALSE,22.4039854836822,15.1980252403926,0.530628251062171,0.403056544153652,231
240,"#1485","Guy et al., 2021","LOC26","Abundance",NA,NA,NA,"Pollinator","May 30 - July 3, 2014","SE",62.7538082810444,17.9308493901198,3,310.893627260443,89.365039702371,3,"Above-ground","Native",NA,NA,"Abundance","Exclosure",6,FALSE,31.0571421665529,154.784789184916,1.60023155323164,0.164268525050378,232
241,"#1485","Guy et al., 2021","LOC26","Diversity",NA,NA,NA,"Pollinator","May 30 - July 3, 2014","SE",14.5429362880886,8.3102493074792,3,22.8808864265928,2.6592797783933,3,"Above-ground","Native",NA,NA,"Diversity","Exclosure",6,FALSE,14.3937740241181,4.6060076877177,0.453196510929357,0.340038342254454,233
242,"#1485","Guy et al., 2021","LOC26","Richness",NA,NA,NA,"Pollinator","May 30 - July 3, 2014","SE",30.2571860816944,2.4962178517397,3,42.0574886535552,8.2450832072617,3,"Above-ground","Native",NA,NA,"Richness","Exclosure",6,FALSE,4.3235761459736,14.2809030276102,0.3293037471426,0.0452391727265663,234
243,"#1485","Guy et al., 2021","LOC26","Abundance",NA,NA,NA,"Pollinator","May 30 - July 3, 2014","SE",54.0775908342123,9.5438391915154,3,176.990671331001,34.4156625391,3,"Above-ground","Native",NA,NA,"Abundance","Exclosure",6,FALSE,16.5304143789717,59.6096760938661,1.18567714428181,0.0689570865153003,235
244,"#1485","Guy et al., 2021","LOC26","Diversity",NA,NA,NA,"Pollinator","May 30 - July 3, 2014","SE",21.1080332409972,0.886426592797797,3,32.1329639889196,6.7036011080333,3,"Above-ground","Native",NA,NA,"Diversity","Exclosure",6,FALSE,1.53533589590595,11.6109777127887,0.420228728413763,0.0452861512348745,236
245,"#1687","Juan-Baeza et a., 2015","LOC08","Richness","Lepidoptera",NA,NA,"Herbivore","Monthly, July-November 2010","SE",0.00705722070844685,0.027874659400545,3,0.126648501362397,0.024277929155314,4,"Above-ground","Domestic","Large",NA,"Richness","Exclosure",4,FALSE,0.0482803263254213,0.048555858310628,2.88736423683221,15.6377220490438,237
246,"#1687","Juan-Baeza et a., 2015","LOC08","Abundance","Lepidoptera",NA,NA,"Herbivore","40483","SE",0.00187617260787997,0.0540337711069416,3,0.0288930581613506,0.0506566604127582,4,"Above-ground","Domestic","Large",NA,"Abundance","Exclosure",4,FALSE,0.0935892368817701,0.101313320825516,2.73436750941955,832.513874177724,238
247,"#1801","Joubert et al., 2016","LOC29","Abundance","Orthoptera",NA,"Grasshopper","Herbivore","Nov 2012, Jan 2013, Mar 2013 (pooled)","SE",37.6165803108808,6.3730569948186,13,26.2694300518134,4.6632124352332,7,"Above-ground","Native","Large","Large","Abundance","Exclosure",NA,FALSE,22.9783837762729,12.3377004142909,-0.359039011233615,0.0602151421598371,239
248,"#1801","Joubert et al., 2016","LOC29","Richness","Orthoptera",NA,"Grasshopper","Herbivore","Nov 2012, Jan 2013, Mar 2013 (pooled)","SE",8.92722371967655,0.582210242587601,13,7.63342318059299,0.711590296495951,7,"Above-ground","Native","Large","Large","Richness","Exclosure",NA,FALSE,2.09918888274992,1.882690959895,-0.15656906069154,0.0129433397286592,240
254,"#1423","Hassan et al., 2021","LOC38","Abundance","Orthoptera",NA,"Grasshoppers","Herbivore","2012","SE",48.7017543859649,10.1052631578947,4,143.157894736842,13.052631578947,4,"Above-ground","Domestic","Large","Large","Abundance","Exclosure",2,FALSE,20.2105263157894,26.105263157894,1.07823312633146,0.0513664089272884,241
255,"#1505","Cecil et a., 2019","LOC03","Abundance","Formicidae",NA,"Ant",NA,"29 Apr-21 May 2015  and 18-27 May 2016","SE",2.93733833419555,0.77114588722194,4,1.13314795654423,0.40739782721159,4,"Ground & litter-dwelling","Native","Large","Large","Abundance","Exclosure",18,FALSE,1.54229177444388,0.81479565442318,-0.952504280968064,0.198183162203166,242
256,"#1505","Cecil et a., 2019","LOC03","Abundance","Formicidae",NA,"Ant",NA,"29 Apr-21 May 2015  and 18-27 May 2016","SE",2.34079151577858,0.421947749612,4,1.44742628039317,0.32882824624935,4,"Ground & litter-dwelling","Native","Large","Large","Abundance","Exclosure",18,FALSE,0.843895499224,0.6576564924987,-0.480702126529193,0.0841045174781944,243
257,"#1505","Cecil et a., 2019","LOC03","Abundance","Formicidae",NA,"Ant",NA,"29 Apr-21 May 2015  and 18-27 May 2016","SE",1.2902871184687,0.38411795137093,4,0.507501293326436,0.15713916192447,4,"Ground & litter-dwelling","Native","Large","Large","Abundance","Exclosure",18,FALSE,0.76823590274186,0.31427832384894,-0.93312078570733,0.184497660028179,244
258,"#1505","Cecil et a., 2019","LOC03","Abundance","Coleoptera",NA,"Beetles",NA,"29 Apr-21 May 2015  and 18-27 May 2016","SE",0.458979328165374,0.083656330749355,4,0.158268733850129,0.018087855297158,4,"Ground & litter-dwelling","Native","Large","Large","Abundance","Exclosure",18,FALSE,0.16731266149871,0.036175710594316,-1.06471073699243,0.0462821228372457,245
259,"#1505","Cecil et a., 2019","LOC03","Abundance","Coleoptera",NA,"Beetles",NA,"29 Apr-21 May 2015  and 18-27 May 2016","SE",2.67248062015504,0.53585271317829,4,1.26841085271318,0.47932816537468,4,"Ground & litter-dwelling","Native","Large","Large","Abundance","Exclosure",18,FALSE,1.07170542635658,0.95865633074936,-0.745242292443346,0.183009153618494,246
260,"#1505","Cecil et a., 2019","LOC03","Abundance","Coleoptera",NA,"Beetles",NA,"29 Apr-21 May 2015  and 18-27 May 2016","SE",1.578165374677,0.72125322997416,4,0.377583979328165,0.174095607235142,4,"Ground & litter-dwelling","Native","Large","Large","Abundance","Exclosure",18,FALSE,1.44250645994832,0.348191214470284,-1.43022529034562,0.421460111295346,247
261,"#1505","Cecil et a., 2019","LOC03","Abundance","Aranaea",NA,"Spiders","Predator","29 Apr-21 May 2015  and 18-27 May 2016","SE",0.584087968952135,0.076326002587322,4,0.404269081500647,0.070504527813713,4,"Ground & litter-dwelling","Native","Large","Large","Abundance","Exclosure",18,FALSE,0.152652005174644,0.141009055627426,-0.367970903680584,0.0474914531017441,248
262,"#1505","Cecil et a., 2019","LOC03","Abundance","Aranaea",NA,"Spiders","Predator","29 Apr-21 May 2015  and 18-27 May 2016","SE",0.764553686934023,0.109314359637775,4,0.411384217335058,0.129366106080207,4,"Ground & litter-dwelling","Native","Large","Large","Abundance","Exclosure",18,FALSE,0.21862871927555,0.258732212160414,-0.619764634625922,0.119331202786618,249
263,"#1505","Cecil et a., 2019","LOC03","Abundance","Aranaea",NA,"Spiders","Predator","29 Apr-21 May 2015  and 18-27 May 2016","SE",0.613842173350582,0.117723156532988,4,0.253557567917206,0.029754204398447,4,"Ground & litter-dwelling","Native","Large","Large","Abundance","Exclosure",18,FALSE,0.235446313065976,0.059508408796894,-0.884146958819464,0.0505501876954526,250
264,"#1505","Cecil et a., 2019","LOC03","Abundance","Acari",NA,"Mites",NA,"29 Apr-21 May 2015  and 18-27 May 2016","SE",0.156279069767442,0.065116279069767,4,0.0162790697674418,0.0227906976744184,4,"Ground & litter-dwelling","Native","Large","Large","Abundance","Exclosure",18,FALSE,0.130232558139534,0.0455813953488368,-2.2617630984738,2.13361111111109,251
265,"#1505","Cecil et a., 2019","LOC03","Abundance","Acari",NA,"Mites",NA,"29 Apr-21 May 2015  and 18-27 May 2016","SE",0.133488372093022,0.058604651162791,4,0.237674418604651,0.081395348837209,4,"Ground & litter-dwelling","Native","Large","Large","Abundance","Exclosure",18,FALSE,0.117209302325582,0.162790697674418,0.576887374444092,0.310025207497754,252
266,"#1505","Cecil et a., 2019","LOC03","Abundance","Acari",NA,"Mites",NA,"29 Apr-21 May 2015  and 18-27 May 2016","SE",2.02837209302326,1.12651162790697,4,0.117209302325581,0.022790697674419,4,"Ground & litter-dwelling","Native","Large","Large","Abundance","Exclosure",18,FALSE,2.25302325581394,0.045581395348838,-2.85102758033135,0.34625248409996,253
267,"#1505","Cecil et a., 2019","LOC03","Abundance","Isopoda",NA,"Woodlice","Detritivore","29 Apr-21 May 2015  and 18-27 May 2016","SE",12.1849184221396,5.0986162742668,4,16.7349494010739,7.6963289962826,4,"Ground & litter-dwelling","Native","Large","Large","Abundance","Exclosure",18,FALSE,10.1972325485336,15.3926579925652,0.317300319006259,0.386593148281157,254
268,"#1505","Cecil et a., 2019","LOC03","Abundance","Isopoda",NA,"Woodlice","Detritivore","29 Apr-21 May 2015  and 18-27 May 2016","SE",3.85932982238744,2.30728521272201,4,3.14939591078066,1.16171003717472,4,"Ground & litter-dwelling","Native","Large","Large","Abundance","Exclosure",18,FALSE,4.61457042544402,2.32342007434944,-0.203282887168551,0.49348322655659,255
269,"#1505","Cecil et a., 2019","LOC03","Abundance","Isopoda",NA,"Woodlice","Detritivore","29 Apr-21 May 2015  and 18-27 May 2016","SE",6.97335811648079,1.9361833952912,4,11.1845570012391,4.0982548533664,4,"Ground & litter-dwelling","Native","Large","Large","Abundance","Exclosure",18,FALSE,3.8723667905824,8.1965097067328,0.472437083141575,0.211356189774717,256
270,"#1505","Cecil et a., 2019","LOC03","Abundance",NA,NA,"Bristletails","Detritivore","29 Apr-21 May 2015  and 18-27 May 2016","SE",0.0372093023255807,0.0116279069767443,4,0.0697674418604641,0.0395348837209299,4,"Ground & litter-dwelling","Native","Large","Large","Abundance","Exclosure",18,FALSE,0.0232558139534886,0.0790697674418598,0.628608659422378,0.41876736111112,257
271,"#1505","Cecil et a., 2019","LOC03","Abundance",NA,NA,"Bristletails","Detritivore","29 Apr-21 May 2015  and 18-27 May 2016","SE",0.31627906976744,0.104651162790699,4,1.67441860465116,0.76744186046511,4,"Ground & litter-dwelling","Native","Large","Large","Abundance","Exclosure",18,FALSE,0.209302325581398,1.53488372093022,1.66659632627405,0.319552575932335,258
272,"#1505","Cecil et a., 2019","LOC03","Abundance",NA,NA,"Bristletails","Detritivore","29 Apr-21 May 2015  and 18-27 May 2016","SE",0.244186046511627,0.186046511627907,4,0.106976744186046,0.176744186046511,4,"Ground & litter-dwelling","Native","Large","Large","Abundance","Exclosure",18,FALSE,0.372093023255814,0.353488372093022,-0.82531895366843,3.31017750515456,259
273,"#1505","Cecil et a., 2019","LOC03","Richness","Formicidae",NA,"Ant",NA,"2015","SE",0.036310223266745,0.0047003525264394,4,0.0241480611045828,0.0012925969447709,4,"Ground & litter-dwelling","Native","Large","Large","Richness","Exclosure",17,FALSE,0.00940070505287881,0.0025851938895418,-0.407895242961458,0.0196225053070072,260
274,"#1505","Cecil et a., 2019","LOC03","Richness","Formicidae",NA,"Ant",NA,"2015","SE",0.0329612220916568,0.0042890716803761,4,0.0213278495887191,0.0021151586368978,4,"Ground & litter-dwelling","Native","Large","Large","Richness","Exclosure",17,FALSE,0.0085781433607522,0.0042303172737956,-0.435318071257846,0.0267678513943398,261
275,"#1505","Cecil et a., 2019","LOC03","Richness","Formicidae",NA,"Ant",NA,"2015","SE",0.0273795534665099,0.0022914218566393,4,0.0169800235017626,0.0037015276145711,4,"Ground & litter-dwelling","Native","Large","Large","Richness","Exclosure",17,FALSE,0.0045828437132786,0.0074030552291422,-0.477758946013212,0.0545251640727219,262
276,"#1505","Cecil et a., 2019","LOC03","Richness","Formicidae",NA,"Ant",NA,"2016","SE",0.0877085781433607,0.0132549941245593,4,0.0771327849588719,0.0070505287896592,4,"Ground & litter-dwelling","Native","Large","Large","Richness","Exclosure",18,FALSE,0.0265099882491186,0.0141010575793184,-0.128491290317198,0.0311942507504168,263
277,"#1505","Cecil et a., 2019","LOC03","Richness","Formicidae",NA,"Ant",NA,"2016","SE",0.0919388954171562,0.00592244418331379,4,0.0693772032902467,0.011421856639248,4,"Ground & litter-dwelling","Native","Large","Large","Richness","Exclosure",18,FALSE,0.0118448883666276,0.022843713278496,-0.281565845434345,0.0312539749520009,264
278,"#1505","Cecil et a., 2019","LOC03","Richness","Formicidae",NA,"Ant",NA,"2016","SE",0.0800940070505287,0.009165687426557,4,0.0675440658049353,0.00860164512338429,4,"Ground & litter-dwelling","Native","Large","Large","Richness","Exclosure",18,FALSE,0.018331374853114,0.0172032902467686,-0.170420821310236,0.0293134168080899,265
279,"#1505","Cecil et a., 2019","LOC03","Richness","Coleoptera",NA,"Beetles",NA,"2015","SE",0.11915393654524,0.023971797884842,4,0.0794359576968272,0.0070505287896592,4,"Ground & litter-dwelling","Native","Large","Large","Richness","Exclosure",17,FALSE,0.047943595769684,0.0141010575793184,-0.405465108108158,0.0483526487167844,266
280,"#1505","Cecil et a., 2019","LOC03","Richness","Coleoptera",NA,"Beetles",NA,"2015","SE",0.148061104582843,0.015746180963573,4,0.121269095182138,0.015746180963572,4,"Ground & litter-dwelling","Native","Large","Large","Richness","Exclosure",17,FALSE,0.031492361927146,0.031492361927144,-0.199613053904016,0.0281698676506044,267
281,"#1505","Cecil et a., 2019","LOC03","Richness","Coleoptera",NA,"Beetles",NA,"2015","SE",0.113043478260869,0.041128084606346,4,0.0702702702702702,0.0199764982373678,4,"Ground & litter-dwelling","Native","Large","Large","Richness","Exclosure",17,FALSE,0.082256169212692,0.0399529964747356,-0.475423696715071,0.213184546194309,268
282,"#1505","Cecil et a., 2019","LOC03","Richness","Coleoptera",NA,"Beetles",NA,"2016","SE",0.236160188457008,0.019434628975265,4,0.137220259128386,0.008833922261484,4,"Ground & litter-dwelling","Native","Large","Large","Richness","Exclosure",18,FALSE,0.03886925795053,0.017667844522968,-0.54292297374087,0.0109168319347595,269
283,"#1505","Cecil et a., 2019","LOC03","Richness","Coleoptera",NA,"Beetles",NA,"2016","SE",0.406949352179034,0.040636042402827,4,0.322732626619552,0.031213191990577,4,"Ground & litter-dwelling","Native","Large","Large","Richness","Exclosure",18,FALSE,0.081272084805654,0.0624263839811541,-0.231864536819655,0.0193249321436932,270
284,"#1505","Cecil et a., 2019","LOC03","Richness","Coleoptera",NA,"Beetles",NA,"2016","SE",0.287985865724381,0.028857479387515,4,0.142520612485276,0.044758539458186,4,"Ground & litter-dwelling","Native","Large","Large","Richness","Exclosure",18,FALSE,0.05771495877503,0.089517078916372,-0.703424763318189,0.10866808457005,271
285,"#1788","Baur et al., 2007","LOC12","Richness","Gastropoda",NA,NA,NA,"37803","SD",5.4,3.5,5,8.4,2.4,5,"Above-ground","Domestic","Medium","Medium","Richness","Natural grazed vs ungrazed",NA,FALSE,3.5,2.4,0.441832752279039,0.10034573500182,272
286,"#1788","Baur et al., 2007","LOC12","Richness","Gastropoda",NA,NA,NA,"37803","SD",3.3,2.2,5,3.8,1.3,5,"Above-ground","Domestic","Medium","Medium","Richness","Natural grazed vs ungrazed",NA,FALSE,2.2,1.3,0.141078598259906,0.112296091104955,273
287,"#1788","Baur et al., 2007","LOC12","Abundance","Gastropoda",NA,NA,NA,"37803","SD",114.6,62.9,5,184.6,47.6,5,"Above-ground","Domestic","Medium","Medium","Abundance","Natural grazed vs ungrazed",NA,FALSE,62.9,47.6,0.476743517788113,0.0735485154308147,274
288,"#1788","Baur et al., 2007","LOC12","Abundance","Gastropoda",NA,NA,NA,"37803","SD",15.8,4,5,13,9.8,5,"Above-ground","Domestic","Medium","Medium","Abundance","Natural grazed vs ungrazed",NA,FALSE,4,9.8,-0.195060582571384,0.126475263314084,275
289,"#1154","Chen et al., 2021","LOC39","Richness","Nematoda",NA,NA,NA,"Mid-August 2014","SE",22.5714285714285,0.952380952381002,3,26.1904761904761,0.571428571428598,3,"Below-ground","Domestic","Medium","Medium","Richness","Exclosure",2,FALSE,1.64957219768473,0.989743318610833,0.14871095653144,0.00225637452734533,276
290,"#1154","Chen et al., 2021","LOC39","Richness","Nematoda",NA,NA,NA,"Mid-August 2014","SE",13.4285714285714,3.7962962962963,3,26.1904761904761,0.571428571428598,3,"Below-ground","Domestic","Large","Large","Richness","Exclosure",2,FALSE,6.57537806577074,0.989743318610833,0.668011207288402,0.0803969715927517,277
291,"#1154","Chen et al., 2021","LOC39","Richness","Nematoda",NA,NA,NA,"Mid-August 2014","SE",17.0925925925925,2.2486772486773,3,26.1904761904761,0.571428571428598,3,"Below-ground","Domestic","Large",NA,"Richness","Exclosure",2,FALSE,3.89482324453328,0.989743318610833,0.426750652564518,0.0177836936248522,278
292,"#1154","Chen et al., 2021","LOC39","Diversity","Nematoda",NA,NA,NA,"Mid-August 2014","SE",2.7595818815331,0.0836236933797898,3,3.01742160278745,0.0348432055749099,3,"Below-ground","Domestic","Medium","Medium","Diversity","Exclosure",2,FALSE,0.144840485650357,0.0603502023543112,0.0893235167480075,0.00105161480156081,279
293,"#1154","Chen et al., 2021","LOC39","Diversity","Nematoda",NA,NA,NA,"Mid-August 2014","SE",2.26480836236933,0.22996515679443,3,3.01742160278745,0.0348432055749099,3,"Below-ground","Domestic","Large","Large","Diversity","Exclosure",2,FALSE,0.398311335538496,0.0603502023543112,0.286912545672754,0.0104434003276126,280
294,"#1154","Chen et al., 2021","LOC39","Diversity","Nematoda",NA,NA,NA,"Mid-August 2014","SE",1.64459930313588,0.18118466898955,3,3.01742160278745,0.0348432055749099,3,"Below-ground","Domestic","Large",NA,"Diversity","Exclosure",2,FALSE,0.31382105224245,0.0603502023543112,0.606905922976883,0.0122706580189854,281
295,"#1154","Chen et al., 2021","LOC39","Abundance","Nematoda",NA,NA,"Detritivores - Bacterial Feeders","Mid-August 2014","SE",88.3683097445908,17.0815031722792,3,147.291361639824,11.84317553278,3,"Below-ground","Domestic","Medium","Medium","Abundance","Exclosure",2,FALSE,29.5860313640365,20.5129817457316,0.51089925875737,0.0438296886761589,282
296,"#1154","Chen et al., 2021","LOC39","Abundance","Nematoda",NA,NA,"Detritivores - Bacterial Feeders","Mid-August 2014","SE",27.9729949568895,12.6077761509679,3,147.291361639824,11.84317553278,3,"Below-ground","Domestic","Large","Large","Abundance","Exclosure",2,FALSE,21.8373088639316,20.5129817457316,1.66117309812358,0.209606879529028,283
297,"#1154","Chen et al., 2021","LOC39","Abundance","Nematoda",NA,NA,"Detritivores - Bacterial Feeders","Mid-August 2014","SE",56.6455181389295,15.047990889865,3,147.291361639824,11.84317553278,3,"Below-ground","Domestic","Large",NA,"Abundance","Exclosure",2,FALSE,26.0638847730798,20.5129817457316,0.955599807667769,0.0770361420531332,284
298,"#1154","Chen et al., 2021","LOC39","Abundance","Nematoda",NA,NA,"Detritivores -Fungal  Feeders","Mid-August 2014","SE",40.1814300960512,5.1227321237993,3,30.7363927427961,3.6286019210246,3,"Below-ground","Domestic","Medium","Medium","Abundance","Exclosure",2,FALSE,8.8728323119856,6.28492288765664,-0.267957567104004,0.0301908244560983,285
299,"#1154","Chen et al., 2021","LOC39","Abundance","Nematoda",NA,NA,"Detritivores -Fungal  Feeders","Mid-August 2014","SE",17.769477054429,8.1643543223052,3,30.7363927427961,3.6286019210246,3,"Below-ground","Domestic","Large","Large","Abundance","Exclosure",2,FALSE,14.1410764972272,6.28492288765664,0.547965170715447,0.225040109084309,286
300,"#1154","Chen et al., 2021","LOC39","Abundance","Nematoda",NA,NA,"Detritivores -Fungal  Feeders","Mid-August 2014","SE",25.3468516542155,4.9626467449307,3,30.7363927427961,3.6286019210246,3,"Below-ground","Domestic","Large",NA,"Abundance","Exclosure",2,FALSE,8.59555630223628,6.28492288765664,0.192792856661251,0.0522706322030729,287
301,"#1154","Chen et al., 2021","LOC39","Abundance","Nematoda",NA,NA,"Herbivores","Mid-August 2014","SE",74.1691842900302,6.3444108761329,3,79.0030211480362,8.4592145015106,3,"Below-ground","Domestic","Medium","Medium","Abundance","Exclosure",2,FALSE,10.9888419815548,14.6517893087398,0.0631373362704018,0.0187820063152772,288
302,"#1154","Chen et al., 2021","LOC39","Abundance","Nematoda",NA,NA,"Herbivores","Mid-August 2014","SE",9.51661631419938,3.77643504531722,3,79.0030211480362,8.4592145015106,3,"Below-ground","Domestic","Large","Large","Abundance","Exclosure",2,FALSE,6.5409773699731,14.6517893087398,2.11644673767339,0.168935359061278,289
303,"#1154","Chen et al., 2021","LOC39","Abundance","Nematoda",NA,NA,"Herbivores","Mid-August 2014","SE",54.5317220543806,13.4441087613293,3,79.0030211480362,8.4592145015106,3,"Below-ground","Domestic","Large",NA,"Abundance","Exclosure",2,FALSE,23.2858794371042,14.6517893087398,0.370703505732042,0.0722456511822027,290
304,"#1154","Chen et al., 2021","LOC39","Abundance","Nematoda",NA,NA,"Predators","Mid-August 2014","SE",15.1691948658109,1.6919486581097,3,39.6732788798133,5.4259043173862,3,"Below-ground","Domestic","Medium","Medium","Abundance","Exclosure",2,FALSE,2.93054103964398,9.39794195472022,0.961411167154629,0.0311454131774535,291
305,"#1154","Chen et al., 2021","LOC39","Abundance","Nematoda",NA,NA,"Predators","Mid-August 2014","SE",4.66744457409568,2.74212368728122,3,39.6732788798133,5.4259043173862,3,"Below-ground","Domestic","Large","Large","Abundance","Exclosure",2,FALSE,4.74949754700918,9.39794195472022,2.14006616349627,0.363860834775088,292
306,"#1154","Chen et al., 2021","LOC39","Abundance","Nematoda",NA,NA,"Predators","Mid-August 2014","SE",15.1691948658109,6.3593932322054,3,39.6732788798133,5.4259043173862,3,"Below-ground","Domestic","Large",NA,"Abundance","Exclosure",2,FALSE,11.0147921834894,9.39794195472022,0.961411167154629,0.194459022644912,293
307,"#1180","Lessard et al.,  2012","LOC06","Richness",NA,NA,NA,NA,"2007","SE",7.768156424581,0.93016759776537,10,9.93016759776536,0.90502793296084,10,"Ground & litter-dwelling","Native","Medium","Medium","Richness","Exclosure",11,FALSE,2.94144821462592,2.86194961423043,0.245544488003377,0.0226442922667821,294
308,"#1180","Lessard et al.,  2012","LOC06","Richness",NA,NA,NA,NA,"2007","SE",13.3743016759776,1.0307262569832,10,17.4217877094972,1.0558659217877,10,"Below-ground","Native","Medium","Medium","Richness","Exclosure",11,FALSE,3.25944261620695,3.33894121660233,0.264386509848262,0.00961252021393356,295
309,"#1180","Lessard et al.,  2012","LOC06","Abundance",NA,NA,NA,NA,"2007","SE",58.3586626139817,16.8693009118541,10,77.9635258358662,15.9574468085106,10,"Ground & litter-dwelling","Native","Medium","Medium","Abundance","Exclosure",11,FALSE,53.3454134162143,50.4618775558783,0.289633292583043,0.125450361011855,296
310,"#1180","Lessard et al.,  2012","LOC06","Abundance",NA,NA,NA,NA,"2007","SE",13.8297872340425,3.3434650455927,10,27.5075987841945,3.3434650455927,10,"Ground & litter-dwelling","Native","Medium","Medium","Abundance","Exclosure",11,FALSE,10.5729648212316,10.5729648212317,0.687637524748978,0.0732207112656128,297
311,"#1180","Lessard et al.,  2012","LOC06","Abundance",NA,NA,NA,NA,"2007","SE",36.0182370820668,2.887537993921,10,37.5379939209726,3.1914893617021,10,"Below-ground","Native","Medium","Medium","Abundance","Exclosure",11,FALSE,9.1311968910638,10.0923755111756,0.041328195492847,0.013655474410195,298
312,"#1511","Vandegehuchte et al., 2015","LOC17","Richness","Collembola",NA,NA,"Detritivores","Monthly, late June-late Aug 2011","SE",2.89887640449438,0.56629213483146,9,3.66741573033707,0.45842696629214,9,"Below-ground","Native",NA,NA,"Richness","Exclosure",2,FALSE,1.69887640449438,1.37528089887642,0.235164038168333,0.0537861681990268,299
313,"#1511","Vandegehuchte et al., 2015","LOC17","Richness","Collembola",NA,NA,"Detritivores","Monthly, late June-late Aug 2011","SE",3.46516853932584,0.49887640449438,9,3.66741573033707,0.45842696629214,9,"Below-ground","Native","Medium","Medium","Richness","Exclosure",2,FALSE,1.49662921348314,1.37528089887642,0.0567259814007761,0.0363520359884331,300
314,"#1511","Vandegehuchte et al., 2015","LOC17","Richness","Collembola",NA,NA,"Detritivores","Monthly, late June-late Aug 2011","SE",4.11235955056179,0.35056179775281,9,3.66741573033707,0.45842696629214,9,"Below-ground","Native","Medium",NA,"Richness","Exclosure",2,FALSE,1.05168539325843,1.37528089887642,-0.114509710311415,0.0228918637463053,301
315,"#1511","Vandegehuchte et al., 2015","LOC17","Richness","Entomobryomorpha",NA,NA,"Detritivores","Monthly, late June-late Aug 2011","SE",1.67015706806282,0.36125654450262,9,1.78795811518324,0.28272251308901,9,"Below-ground","Native",NA,NA,"Richness","Exclosure",2,FALSE,1.08376963350786,0.84816753926703,0.0681565762260011,0.0717899018547963,302
316,"#1511","Vandegehuchte et al., 2015","LOC17","Richness","Entomobryomorpha",NA,NA,"Detritivores","Monthly, late June-late Aug 2011","SE",1.45026178010471,0.30628272251309,9,1.78795811518324,0.28272251308901,9,"Below-ground","Native","Medium","Medium","Richness","Exclosure",2,FALSE,0.91884816753927,0.84816753926703,0.209330172823504,0.0696055853117314,303
317,"#1511","Vandegehuchte et al., 2015","LOC17","Richness","Entomobryomorpha",NA,NA,"Detritivores","Monthly, late June-late Aug 2011","SE",2,0.21989528795811,9,1.78795811518324,0.28272251308901,9,"Below-ground","Native","Medium",NA,"Richness","Exclosure",2,FALSE,0.65968586387433,0.84816753926703,-0.112072929595734,0.0370922894366001,304
318,"#1511","Vandegehuchte et al., 2015","LOC17","Richness","Poduromorpha",NA,NA,"Detritivores","Monthly, late June-late Aug 2011","SE",1.00449438202247,0.11460674157303,9,1.33483146067415,0.23932584269663,9,"Below-ground","Native",NA,NA,"Richness","Exclosure",2,FALSE,0.34382022471909,0.71797752808989,0.284320724749072,0.0451633861416622,305
319,"#1511","Vandegehuchte et al., 2015","LOC17","Richness","Poduromorpha",NA,NA,"Detritivores","Monthly, late June-late Aug 2011","SE",1.33820224719101,0.16853932584269,9,1.33483146067415,0.23932584269663,9,"Below-ground","Native","Medium","Medium","Richness","Exclosure",2,FALSE,0.50561797752807,0.71797752808989,-0.0025220694327144,0.0480079928298129,306
320,"#1511","Vandegehuchte et al., 2015","LOC17","Richness","Poduromorpha",NA,NA,"Detritivores","Monthly, late June-late Aug 2011","SE",1.6752808988764,0.15505617977528,9,1.33483146067415,0.23932584269663,9,"Below-ground","Native","Medium",NA,"Richness","Exclosure",2,FALSE,0.46516853932584,0.71797752808989,-0.227175814842151,0.0407124439745802,307
321,"#1511","Vandegehuchte et al., 2015","LOC17","Abundance","Mesostigmata","Monogynaspida",NA,"Predators","Monthly, late June-late Aug 2011","SE",1.01647058823529,0.21411764705882,9,1.06117647058823,0.15764705882353,9,"Below-ground","Native",NA,NA,"Abundance","Exclosure",2,FALSE,0.64235294117646,0.47294117647059,0.0430417512585671,0.0664423469902952,308
322,"#1511","Vandegehuchte et al., 2015","LOC17","Abundance","Mesostigmata","Monogynaspida",NA,"Predators","Monthly, late June-late Aug 2011","SE",1.00470588235294,0.2,9,1.06117647058823,0.15764705882353,9,"Below-ground","Native","Medium","Medium","Abundance","Exclosure",2,FALSE,0.6,0.47294117647059,0.0546833262740501,0.0616958749466657,309
323,"#1511","Vandegehuchte et al., 2015","LOC17","Abundance","Mesostigmata","Monogynaspida",NA,"Predators","Monthly, late June-late Aug 2011","SE",1.09882352941176,0.15529411764706,9,1.06117647058823,0.15764705882353,9,"Below-ground","Native","Medium",NA,"Abundance","Exclosure",2,FALSE,0.46588235294118,0.47294117647059,-0.0348619181662197,0.0420432017305929,310
324,"#1511","Vandegehuchte et al., 2015","LOC17","Richness","Collembola",NA,NA,"Detritivores","Monthly, late June-late Aug 2011","SE",5,0.33707865168539,9,5.01123595505617,0.31460674157304,9,"Below-ground","Native",NA,NA,"Richness","Exclosure",2,FALSE,1.01123595505617,0.943820224719119,0.00224466985382196,0.00848624287991382,311
325,"#1511","Vandegehuchte et al., 2015","LOC17","Richness","Collembola",NA,NA,"Detritivores","Monthly, late June-late Aug 2011","SE",5,0.49438202247191,9,5.01123595505617,0.31460674157304,9,"Below-ground","Native","Medium","Medium","Richness","Exclosure",2,FALSE,1.48314606741573,0.943820224719119,0.00224466985382196,0.0137179055487689,312
326,"#1511","Vandegehuchte et al., 2015","LOC17","Richness","Collembola",NA,NA,"Detritivores","Monthly, late June-late Aug 2011","SE",5,0.29213483146067,9,5.01123595505617,0.31460674157304,9,"Below-ground","Native","Medium",NA,"Richness","Exclosure",2,FALSE,0.87640449438201,0.943820224719119,0.00224466985382196,0.00735507257313436,313
327,"#1511","Vandegehuchte et al., 2015","LOC17","Richness","Entomobryomorpha",NA,NA,"Detritivores","Monthly, late June-late Aug 2011","SE",2.90052356020942,0.30759162303665,9,2.56020942408376,0.35994764397906,9,"Below-ground","Native",NA,NA,"Richness","Exclosure",2,FALSE,0.922774869109951,1.07984293193718,-0.124802197272414,0.0310123565355609,314
328,"#1511","Vandegehuchte et al., 2015","LOC17","Richness","Entomobryomorpha",NA,NA,"Detritivores","Monthly, late June-late Aug 2011","SE",2.90052356020942,0.22905759162304,9,2.56020942408376,0.35994764397906,9,"Below-ground","Native","Medium","Medium","Richness","Exclosure",2,FALSE,0.68717277486912,1.07984293193718,-0.124802197272414,0.0260028425317293,315
329,"#1511","Vandegehuchte et al., 2015","LOC17","Richness","Entomobryomorpha",NA,NA,"Detritivores","Monthly, late June-late Aug 2011","SE",2.46204188481675,0.20942408376963,9,2.56020942408376,0.35994764397906,9,"Below-ground","Native","Medium",NA,"Richness","Exclosure",2,FALSE,0.628272251308891,1.07984293193718,0.0390980212937301,0.0270018020200991,316
330,"#1511","Vandegehuchte et al., 2015","LOC17","Richness","Poduromorpha",NA,NA,"Detritivores","Monthly, late June-late Aug 2011","SE",1.56741573033707,0.17528089887641,9,1.22696629213483,0.12471910112359,9,"Below-ground","Native",NA,NA,"Richness","Exclosure",2,FALSE,0.52584269662923,0.37415730337077,-0.244883537950611,0.0228378793572159,317
331,"#1511","Vandegehuchte et al., 2015","LOC17","Richness","Poduromorpha",NA,NA,"Detritivores","Monthly, late June-late Aug 2011","SE",1.56067415730337,0.24606741573033,9,1.22696629213483,0.12471910112359,9,"Below-ground","Native","Medium","Medium","Richness","Exclosure",2,FALSE,0.73820224719099,0.37415730337077,-0.240573186449494,0.035191392192959,318
332,"#1511","Vandegehuchte et al., 2015","LOC17","Richness","Poduromorpha",NA,NA,"Detritivores","Monthly, late June-late Aug 2011","SE",1.89438202247191,0.31685393258426,9,1.22696629213483,0.12471910112359,9,"Below-ground","Native","Medium",NA,"Richness","Exclosure",2,FALSE,0.95056179775278,0.37415730337077,-0.434347982256951,0.038308223565112,319
333,"#1511","Vandegehuchte et al., 2015","LOC17","Abundance","Mesostigmata","Monogynaspida",NA,"Predators","Monthly, late June-late Aug 2011","SE",1.33647058823529,0.15529411764706,9,1.23999999999999,0.14352941176471,9,"Below-ground","Native",NA,NA,"Abundance","Exclosure",2,FALSE,0.46588235294118,0.43058823529413,-0.0749208701797941,0.0268997380405395,320
334,"#1511","Vandegehuchte et al., 2015","LOC17","Abundance","Mesostigmata","Monogynaspida",NA,"Predators","Monthly, late June-late Aug 2011","SE",1.24705882352941,0.11058823529411,9,1.23999999999999,0.14352941176471,9,"Below-ground","Native","Medium","Medium","Abundance","Exclosure",2,FALSE,0.33176470588233,0.43058823529413,-0.00567645800481189,0.0212619612244564,321
335,"#1511","Vandegehuchte et al., 2015","LOC17","Abundance","Mesostigmata","Monogynaspida",NA,"Predators","Monthly, late June-late Aug 2011","SE",1.36941176470588,0.12,9,1.23999999999999,0.14352941176471,9,"Below-ground","Native","Medium",NA,"Abundance","Exclosure",2,FALSE,0.36,0.43058823529413,-0.0992698991900819,0.0210767708333241,322
336,"#1589","Debano, 2006","LOC_APPLETON-WHITTELL","Abundance","Coleoptera",NA,NA,"Herbivore","Sep-Nov 1993 + Jun-Aug 1994","SE",101.8,44,4,109,39.89,4,"Above-ground","Domestic","Large","Large","Abundance","Exclosure",27,FALSE,88,79.78,0.0683377781127213,0.320743301327577,323
337,"#1589","Debano, 2006","LOC_APPLETON-WHITTELL","Abundance","Diptera",NA,NA,"Herbivore","Sep-Nov 1993 + Jun-Aug 1994","SE",25.3,2.32,4,21,5.61,4,"Above-ground","Domestic","Large","Large","Abundance","Exclosure",27,FALSE,4.64,11.22,-0.186281958010052,0.0797741236324866,324
338,"#1589","Debano, 2006","LOC_APPLETON-WHITTELL","Abundance","Hemiptera",NA,NA,"Herbivore","Sep-Nov 1993 + Jun-Aug 1994","SE",21.5,3.62,4,254.8,97.28,4,"Above-ground","Domestic","Large","Large","Abundance","Exclosure",27,FALSE,7.24,194.56,2.47242598856439,0.174112490105238,325
339,"#1589","Debano, 2006","LOC_APPLETON-WHITTELL","Abundance","Homoptera",NA,NA,"Herbivore","Sep-Nov 1993 + Jun-Aug 1994","SE",322,83.86,4,431.8,95.27,4,"Above-ground","Domestic","Large","Large","Abundance","Exclosure",27,FALSE,167.72,190.54,0.293410972536299,0.116505881984869,326
340,"#1589","Debano, 2006","LOC_APPLETON-WHITTELL","Abundance","Hymenpotera",NA,NA,"Herbivore","Sep-Nov 1993 + Jun-Aug 1994","SE",3,0.71,4,8.3,1.6,4,"Above-ground","Domestic","Large","Large","Abundance","Exclosure",27,FALSE,1.42,3.2,1.01764322613444,0.0931718020677086,327
341,"#1589","Debano, 2006","LOC_APPLETON-WHITTELL","Abundance","Orthoptera",NA,NA,"Herbivore","Sep-Nov 1993 + Jun-Aug 1994","SE",83.3,21.83,4,128.8,29.57,4,"Above-ground","Domestic","Large","Large","Abundance","Exclosure",27,FALSE,43.66,59.14,0.435812264497456,0.121385291621528,328
342,"#1589","Debano, 2006","LOC_APPLETON-WHITTELL","Richness","Coleoptera",NA,NA,"Herbivore","Sep-Nov 1993 + Jun-Aug 1994","SE",14.5,0.87,4,18.5,1.32,4,"Above-ground","Domestic","Large","Large","Richness","Exclosure",27,FALSE,1.74,2.64,0.243622082657751,0.00869101533966399,329
343,"#1589","Debano, 2006","LOC_APPLETON-WHITTELL","Richness","Diptera",NA,NA,"Herbivore","Sep-Nov 1993 + Jun-Aug 1994","SE",11.5,0.87,4,14,2.61,4,"Above-ground","Domestic","Large","Large","Richness","Exclosure",27,FALSE,1.74,5.22,0.196710294246054,0.0404788636626673,330
344,"#1589","Debano, 2006","LOC_APPLETON-WHITTELL","Richness","Hemiptera",NA,NA,"Herbivore","Sep-Nov 1993 + Jun-Aug 1994","SE",6.5,0.87,4,7.3,0.95,4,"Above-ground","Domestic","Large","Large","Richness","Exclosure",27,FALSE,1.74,1.9,0.116072171252754,0.0348504281030112,331
345,"#1589","Debano, 2006","LOC_APPLETON-WHITTELL","Richness","Homoptera",NA,NA,"Herbivore","Sep-Nov 1993 + Jun-Aug 1994","SE",11.8,0.85,4,12,0.71,4,"Above-ground","Domestic","Large","Large","Richness","Exclosure",27,FALSE,1.7,1.42,0.0168071183163812,0.00868957694947173,332
346,"#1589","Debano, 2006","LOC_APPLETON-WHITTELL","Richness","Hymenpotera",NA,NA,"Herbivore","Sep-Nov 1993 + Jun-Aug 1994","SE",2.7,0.48,4,7,1.23,4,"Above-ground","Domestic","Large","Large","Richness","Exclosure",27,FALSE,0.96,2.46,0.95265837604503,0.0624804484756866,333
347,"#1589","Debano, 2006","LOC_APPLETON-WHITTELL","Richness","Orthoptera",NA,NA,"Herbivore","Sep-Nov 1993 + Jun-Aug 1994","SE",17.8,1.18,4,14.5,2.02,4,"Above-ground","Domestic","Large","Large","Richness","Exclosure",27,FALSE,2.36,4.04,-0.205049807871511,0.0238020193164935,334
348,"#1589","Debano, 2006","LOC_APPLETON-WHITTELL","Diversity","Coleoptera",NA,NA,"Herbivore","Sep-Nov 1993 + Jun-Aug 1994","SE",2.1,0.42,4,2.9,0.39,4,"Above-ground","Domestic","Large","Large","Diversity","Exclosure",27,FALSE,0.84,0.78,0.322773392263051,0.0580856123662307,335
349,"#1589","Debano, 2006","LOC_APPLETON-WHITTELL","Diversity","Diptera",NA,NA,"Herbivore","Sep-Nov 1993 + Jun-Aug 1994","SE",2.9,0.08,4,3.6,0.24,4,"Above-ground","Domestic","Large","Large","Diversity","Exclosure",27,FALSE,0.16,0.48,0.216223108469636,0.0052054432553838,336
350,"#1589","Debano, 2006","LOC_APPLETON-WHITTELL","Diversity","Hemiptera",NA,NA,"Herbivore","Sep-Nov 1993 + Jun-Aug 1994","SE",1.8,0.45,4,0.4,0.09,4,"Above-ground","Domestic","Large","Large","Diversity","Exclosure",27,FALSE,0.9,0.18,-1.50407739677627,0.113125,337
351,"#1589","Debano, 2006","LOC_APPLETON-WHITTELL","Diversity","Homoptera",NA,NA,"Herbivore","Sep-Nov 1993 + Jun-Aug 1994","SE",1.66,0.23,4,2.01,0.11,4,"Above-ground","Domestic","Large","Large","Diversity","Exclosure",27,FALSE,0.46,0.22,0.191317119702532,0.0221922463836546,338
352,"#1589","Debano, 2006","LOC_APPLETON-WHITTELL","Diversity","Hymenpotera",NA,NA,"Herbivore","Sep-Nov 1993 + Jun-Aug 1994","SE",1.4,0.23,4,2.7,0.27,4,"Above-ground","Domestic","Large","Large","Diversity","Exclosure",27,FALSE,0.46,0.54,0.656779536389071,0.0369897959183674,339
353,"#1589","Debano, 2006","LOC_APPLETON-WHITTELL","Diversity","Orthoptera",NA,NA,"Herbivore","Sep-Nov 1993 + Jun-Aug 1994","SE",3.6,0.13,4,3.3,0.15,4,"Above-ground","Domestic","Large","Large","Diversity","Exclosure",27,FALSE,0.26,0.3,-0.0870113769896298,0.00337012804815835,340
354,"#1088","Vandegehuchte et al., 2017","LOC17","Abundance",NA,NA,NA,"Herbivore","41395","SE",162.23,40.38,9,244.89,27.08,9,"Ground & litter-dwelling","Native",NA,NA,"Abundance","Exclosure",4,FALSE,121.14,81.24,0.411794048709067,0.0741821283166309,341
355,"#1088","Vandegehuchte et al., 2017","LOC17","Abundance",NA,NA,NA,"Herbivore","41395","SE",238.24,15.68,9,244.89,27.08,9,"Ground & litter-dwelling","Native","Medium","Medium","Abundance","Exclosure",4,FALSE,47.04,81.24,0.0275305611956753,0.0165597377521358,342
356,"#1088","Vandegehuchte et al., 2017","LOC17","Abundance",NA,NA,NA,"Herbivore","41395","SE",234.92,24.23,9,244.89,27.08,9,"Ground & litter-dwelling","Native","Medium",NA,"Abundance","Exclosure",4,FALSE,72.69,81.24,0.0415640994770556,0.0228661620038997,343
357,"#1088","Vandegehuchte et al., 2017","LOC17","Abundance",NA,NA,NA,"Herbivore","41395","SE",126.6,8.55,9,185.04,14.25,9,"Ground & litter-dwelling","Native",NA,NA,"Abundance","Exclosure",4,FALSE,25.65,42.75,0.379539508213108,0.010491647874085,344
358,"#1088","Vandegehuchte et al., 2017","LOC17","Abundance",NA,NA,NA,"Herbivore","41395","SE",138,12.35,9,185.04,14.25,9,"Ground & litter-dwelling","Native","Medium","Medium","Abundance","Exclosure",4,FALSE,37.05,42.75,0.293318332765979,0.0139395509834979,345
359,"#1088","Vandegehuchte et al., 2017","LOC17","Abundance",NA,NA,NA,"Herbivore","41395","SE",154.63,9.03,9,185.04,14.25,9,"Ground & litter-dwelling","Native","Medium",NA,"Abundance","Exclosure",4,FALSE,27.09,42.75,0.179536851435845,0.00934086194108204,346
360,"#1088","Vandegehuchte et al., 2017","LOC17","Abundance",NA,NA,NA,"Predators","41395","SE",285.53,22.25,9,289.83,12.92,9,"Ground & litter-dwelling","Native",NA,NA,"Abundance","Exclosure",4,FALSE,66.75,38.76,0.0149474418127475,0.00805953166981978,347
361,"#1088","Vandegehuchte et al., 2017","LOC17","Abundance",NA,NA,NA,"Predators","41395","SE",255.74,17.22,9,289.83,12.92,9,"Ground & litter-dwelling","Native","Medium","Medium","Abundance","Exclosure",4,FALSE,51.66,38.76,0.125133240814506,0.00652105429567073,348
362,"#1088","Vandegehuchte et al., 2017","LOC17","Abundance",NA,NA,NA,"Predators","41395","SE",317.46,13.28,9,289.83,12.92,9,"Ground & litter-dwelling","Native","Medium",NA,"Abundance","Exclosure",4,FALSE,39.84,38.76,-0.0910572819465674,0.00373710496801632,349
363,"#1088","Vandegehuchte et al., 2017","LOC17","Abundance",NA,NA,NA,"Predators","41395","SE",342.58,22.25,9,341.51,10.05,9,"Ground & litter-dwelling","Native",NA,NA,"Abundance","Exclosure",4,FALSE,66.75,30.15,-0.00312824591085362,0.00508430070888124,350
364,"#1088","Vandegehuchte et al., 2017","LOC17","Abundance",NA,NA,NA,"Predators","41395","SE",343.66,10.05,9,341.51,10.05,9,"Ground & litter-dwelling","Native","Medium","Medium","Abundance","Exclosure",4,FALSE,30.15,30.15,-0.00627583535961398,0.00172122743927555,351
365,"#1088","Vandegehuchte et al., 2017","LOC17","Abundance",NA,NA,NA,"Predators","41395","SE",359.81,25.48,9,341.51,10.05,9,"Ground & litter-dwelling","Native","Medium",NA,"Abundance","Exclosure",4,FALSE,76.44,30.15,-0.0521991531896779,0.0058808005340648,352
366,"#1088","Vandegehuchte et al., 2017","LOC17","Abundance",NA,NA,NA,"Omnivores","41395","SE",109.67,19.57,9,165.99,47.26,9,"Ground & litter-dwelling","Native",NA,NA,"Abundance","Exclosure",4,FALSE,58.71,141.78,0.414451688806011,0.112905582851722,353
367,"#1088","Vandegehuchte et al., 2017","LOC17","Abundance",NA,NA,NA,"Omnivores","41395","SE",74.82,19.57,9,165.99,47.26,9,"Ground & litter-dwelling","Native","Medium","Medium","Abundance","Exclosure",4,FALSE,58.71,141.78,0.796842316658128,0.14947736886182,354
368,"#1088","Vandegehuchte et al., 2017","LOC17","Abundance",NA,NA,NA,"Omnivores","41395","SE",125.42,18.14,9,165.99,47.26,9,"Ground & litter-dwelling","Native","Medium",NA,"Abundance","Exclosure",4,FALSE,54.42,141.78,0.280259440463253,0.101982172865995,355
369,"#1088","Vandegehuchte et al., 2017","LOC17","Abundance",NA,NA,NA,"Omnivores","41395","SE",149.28,29.59,9,160.26,24.34,9,"Ground & litter-dwelling","Native",NA,NA,"Abundance","Exclosure",4,FALSE,88.77,73.02,0.0709737592508907,0.0623574075698695,356
370,"#1088","Vandegehuchte et al., 2017","LOC17","Abundance",NA,NA,NA,"Omnivores","41395","SE",164.08,34.85,9,160.26,24.34,9,"Ground & litter-dwelling","Native","Medium","Medium","Abundance","Exclosure",4,FALSE,104.55,73.02,-0.0235566174142008,0.0681792143422426,357
371,"#1088","Vandegehuchte et al., 2017","LOC17","Abundance",NA,NA,NA,"Omnivores","41395","SE",216.11,28.16,9,160.26,24.34,9,"Ground & litter-dwelling","Native","Medium",NA,"Abundance","Exclosure",4,FALSE,84.48,73.02,-0.298990040965011,0.0400461225090834,358
372,"#1088","Vandegehuchte et al., 2017","LOC17","Abundance",NA,NA,NA,"Detritivores","41395","SE",86.59,6.37,9,66.59,10.99,9,"Ground & litter-dwelling","Native",NA,NA,"Abundance","Exclosure",4,FALSE,19.11,32.97,-0.262629919337179,0.0326499547105954,359
373,"#1088","Vandegehuchte et al., 2017","LOC17","Abundance",NA,NA,NA,"Detritivores","41395","SE",56.7,6.37,9,66.59,10.99,9,"Ground & litter-dwelling","Native","Medium","Medium","Abundance","Exclosure",4,FALSE,19.11,32.97,0.160780205388825,0.0398596857789408,360
374,"#1088","Vandegehuchte et al., 2017","LOC17","Abundance",NA,NA,NA,"Detritivores","41395","SE",57.47,6.04,9,66.59,10.99,9,"Ground & litter-dwelling","Native","Medium",NA,"Abundance","Exclosure",4,FALSE,18.12,32.97,0.147291343602881,0.0382837894056793,361
375,"#1088","Vandegehuchte et al., 2017","LOC17","Abundance",NA,NA,NA,"Detritivores","41395","SE",59.78,6.37,9,62.2,6.59,9,"Ground & litter-dwelling","Native",NA,NA,"Abundance","Exclosure",4,FALSE,19.11,19.77,0.039683842889342,0.0225795704979778,362
376,"#1088","Vandegehuchte et al., 2017","LOC17","Abundance",NA,NA,NA,"Detritivores","41395","SE",61.98,4.84,9,62.2,6.59,9,"Ground & litter-dwelling","Native","Medium","Medium","Abundance","Exclosure",4,FALSE,14.52,19.77,0.00354324738553174,0.0173230981332818,363
377,"#1088","Vandegehuchte et al., 2017","LOC17","Abundance",NA,NA,NA,"Detritivores","41395","SE",67.03,6.15,9,62.2,6.59,9,"Ground & litter-dwelling","Native","Medium",NA,"Abundance","Exclosure",4,FALSE,18.45,19.77,-0.0747852806247325,0.0196431515504275,364
378,"#1088","Vandegehuchte et al., 2017","LOC17","Abundance",NA,NA,NA,"Herbivore","41395","SE",170.95,111.73,9,445.81,64.8,9,"Above-ground","Native",NA,NA,"Abundance","Exclosure",4,FALSE,335.19,194.4,0.958521736198544,0.448298243363256,365
379,"#1088","Vandegehuchte et al., 2017","LOC17","Abundance",NA,NA,NA,"Herbivore","41395","SE",506.15,60.34,9,445.81,64.8,9,"Above-ground","Native","Medium","Medium","Abundance","Exclosure",4,FALSE,181.02,194.4,-0.126940215760907,0.0353395109307365,366
380,"#1088","Vandegehuchte et al., 2017","LOC17","Abundance",NA,NA,NA,"Herbivore","41395","SE",662.57,111.73,9,445.81,64.8,9,"Above-ground","Native","Medium",NA,"Abundance","Exclosure",4,FALSE,335.19,194.4,-0.396233360372217,0.0495641061323582,367
381,"#1088","Vandegehuchte et al., 2017","LOC17","Abundance",NA,NA,NA,"Herbivore","41395","SE",195.53,60.34,9,356.42,53.63,9,"Above-ground","Native",NA,NA,"Abundance","Exclosure",4,FALSE,181.02,160.89,0.60039599040677,0.117872982693978,368
382,"#1088","Vandegehuchte et al., 2017","LOC17","Abundance",NA,NA,NA,"Herbivore","41395","SE",443.58,93.85,9,356.42,53.63,9,"Above-ground","Native","Medium","Medium","Abundance","Exclosure",4,FALSE,281.55,160.89,-0.21876835805211,0.0674043463621091,369
383,"#1088","Vandegehuchte et al., 2017","LOC17","Abundance",NA,NA,NA,"Herbivore","41395","SE",427.93,35.75,9,356.42,53.63,9,"Above-ground","Native","Medium",NA,"Abundance","Exclosure",4,FALSE,107.25,160.89,-0.182849820058985,0.029619999803544,370
384,"#1088","Vandegehuchte et al., 2017","LOC17","Abundance",NA,NA,NA,"Predators","41395","SE",0.79,0.75,9,1.74,0.98,9,"Above-ground","Native",NA,NA,"Abundance","Exclosure",4,FALSE,2.25,2.94,0.789607446747507,1.21851282467178,371
385,"#1088","Vandegehuchte et al., 2017","LOC17","Abundance",NA,NA,NA,"Predators","41395","SE",1.77,0.46,9,1.74,0.98,9,"Above-ground","Native","Medium","Medium","Abundance","Exclosure",4,FALSE,1.38,2.94,-0.0170944333593002,0.384756211446097,372
386,"#1088","Vandegehuchte et al., 2017","LOC17","Abundance",NA,NA,NA,"Predators","41395","SE",5.54,1.84,9,1.74,0.98,9,"Above-ground","Native","Medium",NA,"Abundance","Exclosure",4,FALSE,5.52,2.94,-1.15810938753275,0.427525268660016,373
387,"#1088","Vandegehuchte et al., 2017","LOC17","Abundance",NA,NA,NA,"Predators","41395","SE",3.21,1.15,9,2.92,1.21,9,"Above-ground","Native",NA,NA,"Abundance","Exclosure",4,FALSE,3.45,3.63,-0.0946873208617341,0.300060704843,374
388,"#1088","Vandegehuchte et al., 2017","LOC17","Abundance",NA,NA,NA,"Predators","41395","SE",7.61,3.51,9,2.92,1.21,9,"Above-ground","Native","Medium","Medium","Abundance","Exclosure",4,FALSE,10.53,3.63,-0.957879555593404,0.384451661395599,375
389,"#1088","Vandegehuchte et al., 2017","LOC17","Abundance",NA,NA,NA,"Predators","41395","SE",5.9,1.67,9,2.92,1.21,9,"Above-ground","Native","Medium",NA,"Abundance","Exclosure",4,FALSE,5.01,3.63,-0.703368734631483,0.251831518407111,376
390,"#1088","Vandegehuchte et al., 2017","LOC17","Abundance",NA,NA,NA,"Omnivores","41395","SE",0.56,0.5,9,1.65,0.58,9,"Above-ground","Native",NA,NA,"Abundance","Exclosure",4,FALSE,1.5,1.74,1.08059378316543,0.92075677929574,377
391,"#1088","Vandegehuchte et al., 2017","LOC17","Abundance",NA,NA,NA,"Omnivores","41395","SE",0.56,0.19,9,1.65,0.58,9,"Above-ground","Native","Medium","Medium","Abundance","Exclosure",4,FALSE,0.57,1.74,1.08059378316543,0.238677697663087,378
392,"#1088","Vandegehuchte et al., 2017","LOC17","Abundance",NA,NA,NA,"Omnivores","41395","SE",1.55,0.91,9,1.65,0.58,9,"Above-ground","Native","Medium",NA,"Abundance","Exclosure",4,FALSE,2.73,1.74,0.0625203569813339,0.46824552401319,379
393,"#1088","Vandegehuchte et al., 2017","LOC17","Abundance",NA,NA,NA,"Omnivores","41395","SE",1.45,1.12,9,2.25,0.89,9,"Above-ground","Native",NA,NA,"Abundance","Exclosure",4,FALSE,3.36,2.67,0.439366659783846,0.753087265307321,380
394,"#1088","Vandegehuchte et al., 2017","LOC17","Abundance",NA,NA,NA,"Omnivores","41395","SE",1.47,0.99,9,2.25,0.89,9,"Above-ground","Native","Medium","Medium","Abundance","Exclosure",4,FALSE,2.97,2.67,0.425667815425684,0.610025213774096,381
395,"#1088","Vandegehuchte et al., 2017","LOC17","Abundance",NA,NA,NA,"Omnivores","41395","SE",4.59,2.5,9,2.25,0.89,9,"Above-ground","Native","Medium",NA,"Abundance","Exclosure",4,FALSE,7.5,2.67,-0.712949807856125,0.453121228777156,382
396,"#1863","DenHerder et al., 2004","LOC10","Abundance","Coleoptera","Chrysomelidae","Leaf beetle","Herbivore","Late Aug-early Sep 2001","SE",0.0255959849435382,0.0341279799247177,20,0.100125470514429,0.090589711417816,20,"Above-ground","Domestic","Large",NA,"Abundance","Exclosure",4,FALSE,0.152624966092834,0.405129505584651,1.36398860360559,2.59637188208617,383
397,"#2176","Huntzinger et al., 2008","LOC03","Abundance","Stylommatophora",NA,"Snail","Herbivore","2003","SE",5.29,1.72,5,9.58,2.22,5,"Above-ground","Native","Small","Small","Abundance","Exclosure",8,FALSE,3.84603692129964,4.96407091004953,0.593859346112561,0.159417254869218,384
398,"#2176","Huntzinger et al., 2008","LOC03","Abundance","Stylommatophora",NA,"Snail","Herbivore","2004","SE",0.99,0.32,5,1.99,0.8,5,"Above-ground","Native","Small","Small","Abundance","Exclosure",9,FALSE,0.715541752799933,1.78885438199983,0.698184974589902,0.266091215285183,385
399,"#2176","Huntzinger et al., 2008","LOC03","Abundance","Stylommatophora",NA,"Snail","Herbivore","2003","SE",6.4,1.78,5,8.49,2.3,5,"Above-ground","Native",NA,NA,"Abundance","Exclosure",8,FALSE,3.98020099994963,5.14295634824952,0.28259100995763,0.150744090832304,386
400,"#2176","Huntzinger et al., 2008","LOC03","Abundance","Stylommatophora",NA,"Snail","Herbivore","2004","SE",0.52,0.38,5,2,0.76,5,"Above-ground","Native",NA,NA,"Abundance","Exclosure",9,FALSE,0.84970583144992,1.69941166289984,1.34707364796661,0.678423668639053,387
401,"#2176","Huntzinger et al., 2008","LOC03","Abundance","Lepidoptera",NA,"Caterpillar","Herbivore","2003-2004","SE",35.25,6.06,5,55.37,8.6,5,"Above-ground","Native","Small","Small","Abundance","Exclosure",9,FALSE,13.5505719436487,19.2301846064982,0.451572401576598,0.0536786493072126,388
402,"#2176","Huntzinger et al., 2008","LOC03","Abundance","Lepidoptera",NA,"Caterpillar","Herbivore","2003-2004","SE",51.58,7.62,5,39.17,7.91,5,"Above-ground","Native",NA,NA,"Abundance","Exclosure",9,FALSE,17.0388379885484,17.6872977020233,-0.275222852775459,0.0626045177357862,389
403,"#2176","Huntzinger et al., 2008","LOC03","Abundance","Orthoptera",NA,"Grasshopper","Herbivore","2003-2004","SE",1.29,0.3,5,3.4,0.64,5,"Above-ground","Native","Small","Small","Abundance","Exclosure",9,FALSE,0.670820393249937,1.43108350559987,0.969133213248535,0.0895158142154835,390
404,"#2176","Huntzinger et al., 2008","LOC03","Abundance","Orthoptera",NA,"Grasshopper","Herbivore","2003-2004","SE",2.7,0.56,5,2,0.62,5,"Above-ground","Native",NA,NA,"Abundance","Exclosure",9,FALSE,1.25219806739988,1.38636214604987,-0.300104592450338,0.139117832647462,391
405,"#1103","Vandegehuchte et al., 2017","LOC17","Abundance","Nematoda",NA,"Nematodes","Detritivores -Fungal  Feeders","41518","SE",7.74,0.35,9,8.88,0.31,9,"Below-ground","Native",NA,NA,"Abundance","Exclosure",4,FALSE,1.05,0.93,0.137399869402443,0.00326351749273623,392
406,"#1103","Vandegehuchte et al., 2017","LOC17","Abundance","Nematoda",NA,"Nematodes","Detritivores -Fungal  Feeders","41518","SE",8.1,0.16,9,8.88,0.31,9,"Below-ground","Native","Medium","Medium","Abundance","Exclosure",4,FALSE,0.48,0.93,0.0919374953256858,0.00160888623302426,393
407,"#1103","Vandegehuchte et al., 2017","LOC17","Abundance","Nematoda",NA,"Nematodes","Detritivores -Fungal  Feeders","41518","SE",7.94,0.17,9,8.88,0.31,9,"Below-ground","Native","Medium",NA,"Abundance","Exclosure",4,FALSE,0.51,0.93,0.111888281745034,0.00167711471781034,394
408,"#1103","Vandegehuchte et al., 2017","LOC17","Abundance","Nematoda",NA,"Nematodes","Detritivores -Fungal  Feeders","41518","SE",7.2,0.25,9,8.53,0.37,9,"Below-ground","Native",NA,NA,"Abundance","Exclosure",4,FALSE,0.75,1.11,0.169508335481578,0.00308713775515693,395
409,"#1103","Vandegehuchte et al., 2017","LOC17","Abundance","Nematoda",NA,"Nematodes","Detritivores -Fungal  Feeders","41518","SE",8.03,0.34,9,8.53,0.37,9,"Below-ground","Native","Medium","Medium","Abundance","Exclosure",4,FALSE,1.02,1.11,0.0604048335449175,0.00367428398605152,396
410,"#1103","Vandegehuchte et al., 2017","LOC17","Abundance","Nematoda",NA,"Nematodes","Detritivores -Fungal  Feeders","41518","SE",8.14,0.19,9,8.53,0.37,9,"Below-ground","Native","Medium",NA,"Abundance","Exclosure",4,FALSE,0.57,1.11,0.0467991814891386,0.00242633175101042,397
411,"#1103","Vandegehuchte et al., 2017","LOC17","Abundance","Nematoda",NA,"Nematodes","Carnivores","41518","SE",33.68,2.92,9,37.99,3.13,9,"Below-ground","Native",NA,NA,"Abundance","Exclosure",4,FALSE,8.76,9.39,0.120418777825408,0.0143047307053191,398
412,"#1103","Vandegehuchte et al., 2017","LOC17","Abundance","Nematoda",NA,"Nematodes","Carnivores","41518","SE",38.33,3.19,9,37.99,3.13,9,"Below-ground","Native","Medium","Medium","Abundance","Exclosure",4,FALSE,9.57,9.39,-0.00890991219292941,0.0137144677598727,399
413,"#1103","Vandegehuchte et al., 2017","LOC17","Abundance","Nematoda",NA,"Nematodes","Carnivores","41518","SE",36.18,2.71,9,37.99,3.13,9,"Below-ground","Native","Medium",NA,"Abundance","Exclosure",4,FALSE,8.13,9.39,0.0488164872323852,0.0123986275950007,400
414,"#1103","Vandegehuchte et al., 2017","LOC17","Abundance","Nematoda",NA,"Nematodes","Carnivores","41518","SE",30.07,2.78,9,40.49,3.4,9,"Below-ground","Native",NA,NA,"Abundance","Exclosure",4,FALSE,8.34,10.2,0.297527033043632,0.0155983655275019,401
415,"#1103","Vandegehuchte et al., 2017","LOC17","Abundance","Nematoda",NA,"Nematodes","Carnivores","41518","SE",35.97,2.5,9,40.49,3.4,9,"Below-ground","Native","Medium","Medium","Abundance","Exclosure",4,FALSE,7.5,10.2,0.118369772336537,0.0118817662542632,402
416,"#1103","Vandegehuchte et al., 2017","LOC17","Abundance","Nematoda",NA,"Nematodes","Carnivores","41518","SE",36.53,2.92,9,40.49,3.4,9,"Below-ground","Native","Medium",NA,"Abundance","Exclosure",4,FALSE,8.76,10.2,0.102921189236879,0.0134406801889048,403
417,"#1103","Vandegehuchte et al., 2017","LOC17","Abundance","Nematoda",NA,"Nematodes","Herbivores","41518","SE",43.78,5.7,9,51.78,6.81,9,"Below-ground","Native",NA,NA,"Abundance","Exclosure",4,FALSE,17.1,20.43,0.167826882228675,0.0342480860980083,404
418,"#1103","Vandegehuchte et al., 2017","LOC17","Abundance","Nematoda",NA,"Nematodes","Herbivores","41518","SE",50.75,4.75,9,51.78,6.81,9,"Below-ground","Native","Medium","Medium","Abundance","Exclosure",4,FALSE,14.25,20.43,0.0200923564014949,0.0260571962425941,405
419,"#1103","Vandegehuchte et al., 2017","LOC17","Abundance","Nematoda",NA,"Nematodes","Herbivores","41518","SE",41.56,4.04,9,51.78,6.81,9,"Below-ground","Native","Medium",NA,"Abundance","Exclosure",4,FALSE,12.12,20.43,0.219865808092365,0.0267465353869083,406
420,"#1103","Vandegehuchte et al., 2017","LOC17","Abundance","Nematoda",NA,"Nematodes","Herbivores","41518","SE",39.35,4.75,9,42.28,4.59,9,"Below-ground","Native",NA,NA,"Abundance","Exclosure",4,FALSE,14.25,13.77,0.0718181861386246,0.026356982276935,407
421,"#1103","Vandegehuchte et al., 2017","LOC17","Abundance","Nematoda",NA,"Nematodes","Herbivores","41518","SE",49.41,6.1,9,42.28,4.59,9,"Below-ground","Native","Medium","Medium","Abundance","Exclosure",4,FALSE,18.3,13.77,-0.155838671855622,0.0270272798874672,408
422,"#1103","Vandegehuchte et al., 2017","LOC17","Abundance","Nematoda",NA,"Nematodes","Herbivores","41518","SE",44.26,4.12,9,42.28,4.59,9,"Below-ground","Native","Medium",NA,"Abundance","Exclosure",4,FALSE,12.36,13.77,-0.0457671736208666,0.020450761630265,409
423,"#1103","Vandegehuchte et al., 2017","LOC17","Abundance","Nematoda",NA,"Nematodes","Detritivores - Bacterial Feeders","41518","SE",7000,1587.3,9,9619.05,1269.84,9,"Below-ground","Native",NA,NA,"Abundance","Exclosure",4,FALSE,4761.9,3809.52,0.31783535814719,0.0688462436771236,410
424,"#1103","Vandegehuchte et al., 2017","LOC17","Abundance","Nematoda",NA,"Nematodes","Detritivores - Bacterial Feeders","41518","SE",7992.06,1349.21,9,9619.05,1269.84,9,"Below-ground","Native","Medium","Medium","Abundance","Exclosure",4,FALSE,4047.63,3809.52,0.185296958376925,0.0459272299724993,411
425,"#1103","Vandegehuchte et al., 2017","LOC17","Abundance","Nematoda",NA,"Nematodes","Detritivores - Bacterial Feeders","41518","SE",4936.51,992.06,9,9619.05,1269.84,9,"Below-ground","Native","Medium",NA,"Abundance","Exclosure",4,FALSE,2976.18,3809.52,0.667086903408459,0.0578139063558323,412
426,"#1103","Vandegehuchte et al., 2017","LOC17","Abundance","Nematoda",NA,"Nematodes","Detritivores - Bacterial Feeders","41518","SE",7198.41,1746.03,9,14698.41,2500,9,"Below-ground","Native",NA,NA,"Abundance","Exclosure",4,FALSE,5238.09,7500,0.713879156367911,0.0877636448458557,413
427,"#1103","Vandegehuchte et al., 2017","LOC17","Abundance","Nematoda",NA,"Nematodes","Detritivores - Bacterial Feeders","41518","SE",8587.3,1547.62,9,14698.41,2500,9,"Below-ground","Native","Medium","Medium","Abundance","Exclosure",4,FALSE,4642.86,7500,0.537454957057269,0.0614093450445635,414
428,"#1103","Vandegehuchte et al., 2017","LOC17","Abundance","Nematoda",NA,"Nematodes","Detritivores - Bacterial Feeders","41518","SE",10095.24,952.38,9,14698.41,2500,9,"Below-ground","Native","Medium",NA,"Abundance","Exclosure",4,FALSE,2857.14,7500,0.3756752990415,0.0378293349776487,415
429,"#1103","Vandegehuchte et al., 2017","LOC17","Richness","Nematoda",NA,"Nematodes",NA,"41518","SE",28.93,0.84,9,26.37,1.51,9,"Below-ground","Native",NA,NA,"Richness","Exclosure",4,FALSE,2.52,4.53,-0.0926521186228484,0.00412200749957668,416
430,"#1103","Vandegehuchte et al., 2017","LOC17","Richness","Nematoda",NA,"Nematodes",NA,"41518","SE",30,0.94,9,26.37,1.51,9,"Below-ground","Native","Medium","Medium","Richness","Exclosure",4,FALSE,2.82,4.53,-0.12897038129696,0.00426071902532281,417
431,"#1103","Vandegehuchte et al., 2017","LOC17","Richness","Nematoda",NA,"Nematodes",NA,"41518","SE",29.57,0.6,9,26.37,1.51,9,"Below-ground","Native","Medium",NA,"Richness","Exclosure",4,FALSE,1.8,4.53,-0.11453333349919,0.00369065924496242,418
432,"#1103","Vandegehuchte et al., 2017","LOC17","Richness","Nematoda",NA,"Nematodes",NA,"41518","SE",29.01,0.99,9,29.92,0.95,9,"Below-ground","Native",NA,NA,"Richness","Exclosure",4,FALSE,2.97,2.85,0.0308865549729638,0.00217274242268839,419
433,"#1103","Vandegehuchte et al., 2017","LOC17","Richness","Nematoda",NA,"Nematodes",NA,"41518","SE",28.8,1.19,9,29.92,0.95,9,"Below-ground","Native","Medium","Medium","Richness","Exclosure",4,FALSE,3.57,2.85,0.0381517659643763,0.00271544388403296,420
434,"#1103","Vandegehuchte et al., 2017","LOC17","Richness","Nematoda",NA,"Nematodes",NA,"41518","SE",30.13,0.88,9,29.92,0.95,9,"Below-ground","Native","Medium",NA,"Richness","Exclosure",4,FALSE,2.64,2.85,-0.00699420003593324,0.00186118284724879,421
435,"#1103","Vandegehuchte et al., 2017","LOC17","Diversity","Nematoda",NA,"Nematodes",NA,"41518","SE",2.86,0.04,9,2.51,0.12,9,"Below-ground","Native",NA,NA,"Diversity","Exclosure",4,FALSE,0.12,0.36,-0.130538871688069,0.00248128659232801,422
436,"#1103","Vandegehuchte et al., 2017","LOC17","Diversity","Nematoda",NA,"Nematodes",NA,"41518","SE",2.77,0.07,9,2.51,0.12,9,"Below-ground","Native","Medium","Medium","Diversity","Exclosure",4,FALSE,0.21,0.36,-0.0985645670555547,0.00292428922120925,423
437,"#1103","Vandegehuchte et al., 2017","LOC17","Diversity","Nematoda",NA,"Nematodes",NA,"41518","SE",2.72,0.03,9,2.51,0.12,9,"Below-ground","Native","Medium",NA,"Diversity","Exclosure",4,FALSE,0.09,0.36,-0.0803491271642136,0.00240732592898646,424
438,"#1103","Vandegehuchte et al., 2017","LOC17","Diversity","Nematoda",NA,"Nematodes",NA,"41518","SE",2.86,0.05,9,2.87,0.03,9,"Below-ground","Native",NA,NA,"Diversity","Exclosure",4,FALSE,0.15,0.09,0.00349040493976857,0.000414902825252737,425
439,"#1103","Vandegehuchte et al., 2017","LOC17","Diversity","Nematoda",NA,"Nematodes",NA,"41518","SE",2.82,0.08,9,2.87,0.03,9,"Below-ground","Native","Medium","Medium","Diversity","Exclosure",4,FALSE,0.24,0.09,0.0175751448215077,0.000914052899250779,426
440,"#1103","Vandegehuchte et al., 2017","LOC17","Diversity","Nematoda",NA,"Nematodes",NA,"41518","SE",2.78,0.05,9,2.87,0.03,9,"Below-ground","Native","Medium",NA,"Diversity","Exclosure",4,FALSE,0.15,0.09,0.0318611020689841,0.000432746629143319,427
441,"#1490","Lilleeng et al.,  2021","LOC25","Abundance","Lepidoptera; Hymenoptera (Symphyta)",NA,NA,"Herbivores","June 2012 and June 2013","SE",0.961722488038277,0.244019138755973,10,2.0023923444976,0.39473684210527,12,"Above-ground","Mixed","Medium","Medium","Abundance","Exclosure",13,FALSE,0.771656271141541,1.36740853229124,0.733371981870451,0.103240863047679,428
442,"#1048","Christopher et al., 2012","LOC_CINCINNATINATURECENTER","Diversity",NA,NA,NA,NA,"2005","SE",1.77,0.077,3,1.722,0.078,3,"Ground & litter-dwelling","Native","Medium","Medium","Diversity","Exclosure",0,FALSE,0.133367912182804,0.135099962990372,-0.0274931405801987,0.00394423853799492,429
443,"#1048","Christopher et al., 2012","LOC_CINCINNATINATURECENTER","Diversity",NA,NA,NA,NA,"2006","SE",1.86,0.09,3,1.77,0.135,3,"Ground & litter-dwelling","Native","Medium","Medium","Diversity","Exclosure",1,FALSE,0.155884572681199,0.233826859021798,-0.0495969411393722,0.00815860501530383,430
444,"#1048","Christopher et al., 2012","LOC_CINCINNATINATURECENTER","Abundance","Acari",NA,"Mites",NA,"2005","SE",129.76,7.14,3,111.9,4.76,3,"Ground & litter-dwelling","Native","Medium","Medium","Abundance","Exclosure",0,FALSE,12.3668427660418,8.24456184402785,-0.148080975049223,0.00483719307990177,431
445,"#1048","Christopher et al., 2012","LOC_CINCINNATINATURECENTER","Abundance","Acari",NA,"Mites",NA,"2006","SE",139.29,4.76,3,107.14,70.24,3,"Ground & litter-dwelling","Native","Medium","Medium","Abundance","Exclosure",1,FALSE,8.24456184402785,121.659248723638,-0.262421700247126,0.430967132647088,432
446,"#1048","Christopher et al., 2012","LOC_CINCINNATINATURECENTER","Abundance","Araneae",NA,"Spiders","Predators","2005","SE",72.89,2.86,3,108.22,4.14,3,"Ground & litter-dwelling","Native","Medium","Medium","Abundance","Exclosure",0,FALSE,4.95366530964699,7.17069034333515,0.395214736820468,0.00300303445537402,433
447,"#1048","Christopher et al., 2012","LOC_CINCINNATINATURECENTER","Abundance","Araneae",NA,"Spiders","Predators","2006","SE",63.98,2.55,3,97.4,4.14,3,"Ground & litter-dwelling","Native","Medium","Medium","Abundance","Exclosure",1,FALSE,4.41672955930064,7.17069034333515,0.420255676127118,0.00339520345343191,434
448,"#1028","Risch et al., 2015","LOC17","Abundance",NA,NA,"Mites",NA,"June - August 2011","SE",97.4,16.65,18,104.19,15.5,18,"Below-ground","Native",NA,NA,"Abundance","Exclosure",2,FALSE,70.6399674405361,65.7609306503489,0.0673899447756028,0.0513535660549228,435
449,"#1028","Risch et al., 2015","LOC17","Abundance",NA,NA,"Mites",NA,"June - August 2011","SE",99,13.67,18,104.19,15.5,18,"Below-ground","Native","Medium","Medium","Abundance","Exclosure",2,FALSE,57.9968981929206,65.7609306503489,0.0510963052895025,0.0411978335270405,436
450,"#1028","Risch et al., 2015","LOC17","Abundance",NA,NA,"Mites",NA,"June - August 2011","SE",107.22,15.03,18,104.19,15.5,18,"Below-ground","Native","Medium",NA,"Abundance","Exclosure",2,FALSE,63.7668895274028,65.7609306503489,-0.0286666429752993,0.0417816959325117,437
451,"#2091","Duguay et al., 2011","LOC_MIDDLEPATUXENT","Abundance",NA,NA,NA,NA,"2003","SE",116.7,19.54,10,153.1,22.19,10,"Above-ground","Native","Medium","Medium","Abundance","Exclosure",5,FALSE,61.7909054796901,70.1709412791363,0.271484763371128,0.0490424510243093,438
452,"#2091","Duguay et al., 2011","LOC_MIDDLEPATUXENT","Abundance",NA,NA,NA,NA,"2003","SE",466.7,46.75,10,519.4,52.1,10,"Ground & litter-dwelling","Native","Medium","Medium","Abundance","Exclosure",5,FALSE,147.836480612872,164.754666094773,0.106987646272878,0.0200960170919332,439
453,"#2091","Duguay et al., 2011","LOC_MIDDLEPATUXENT","Abundance",NA,NA,NA,NA,"2007","SE",158.4,19.54,10,174,22.19,10,"Above-ground","Native","Medium","Medium","Abundance","Exclosure",9,FALSE,61.7909054796901,70.1709412791363,0.0939318198342035,0.0314809191169736,440
454,"#2091","Duguay et al., 2011","LOC_MIDDLEPATUXENT","Abundance",NA,NA,NA,NA,"2007","SE",99.2,46.75,10,124.6,52.1,10,"Ground & litter-dwelling","Native","Medium","Medium","Abundance","Exclosure",9,FALSE,147.836480612872,164.754666094773,0.227970592062526,0.396934986867372,441
455,"#2091","Duguay et al., 2011","LOC_MIDDLEPATUXENT","Abundance",NA,NA,NA,NA,"1999","SE",218,19.54,10,247.3,22.19,10,"Above-ground","Native","Medium","Medium","Abundance","Exclosure",1,FALSE,61.7909054796901,70.1709412791363,0.126107111738282,0.0160853863436797,442
456,"#2091","Duguay et al., 2011","LOC_MIDDLEPATUXENT","Abundance",NA,NA,NA,NA,"1999","SE",121.2,46.75,10,111.6,52.1,10,"Ground & litter-dwelling","Native","Medium","Medium","Abundance","Exclosure",1,FALSE,147.836480612872,164.754666094773,-0.0825210236880036,0.366729677021782,443
457,"#2394","Dennis et al., 2008","LOC21","Abundance","Spider",NA,NA,"Predators","2002","SE",30.72,4.78,6,27.19,4.53,6,"Above-ground","Domestic","Medium","Medium","Abundance","Exclosure",0,FALSE,11.7085609705036,11.0961885348078,-0.122064649635092,0.0519683850210298,444
458,"#2394","Dennis et al., 2008","LOC21","Abundance","Spider",NA,NA,"Predators","2003","SE",27.95,4.91,6,32.73,3.65,6,"Above-ground","Domestic","Medium","Medium","Abundance","Exclosure",1,FALSE,12.0269946370654,8.9406375611586,0.157874888911981,0.0432966167038058,445
459,"#2394","Dennis et al., 2008","LOC21","Abundance","Spider",NA,NA,"Predators","2004","SE",23.92,1.38,6,58.67,6.04,6,"Above-ground","Domestic","Medium","Medium","Abundance","Exclosure",2,FALSE,3.38029584504079,14.7949180464104,0.897213593855337,0.0139268363948978,446
460,"#2394","Dennis et al., 2008","LOC21","Abundance","Spider",NA,NA,NA,"2005","SE",15.11,2.14,6,32.99,3.4,6,"Above-ground","Domestic","Medium","Medium","Abundance","Exclosure",3,FALSE,5.241908049556,8.3282651254628,0.780847708955842,0.0306801873793848,447
461,"#2394","Dennis et al., 2008","LOC21","Abundance","Hemiptera",NA,NA,NA,"2002","SE",20.04,2.26,6,16.16,1.62,6,"Above-ground","Domestic","Medium","Medium","Abundance","Exclosure",0,FALSE,5.53584681868998,3.96817338330875,-0.215191223123715,0.0227676430394092,448
462,"#2394","Dennis et al., 2008","LOC21","Abundance","Hemiptera",NA,NA,NA,"2003","SE",39.75,3.55,6,50.74,5.49,6,"Above-ground","Domestic","Medium","Medium","Abundance","Exclosure",1,FALSE,8.69568858688028,13.4476986878796,0.244104713070795,0.019682900308392,449
463,"#2394","Dennis et al., 2008","LOC21","Abundance","Hemiptera",NA,NA,NA,"2004","SE",72.71,11.96,6,151.56,20.36,6,"Above-ground","Domestic","Medium","Medium","Abundance","Exclosure",2,FALSE,29.2958973236868,49.8716111630655,0.734502659488435,0.045102877313955,450
464,"#2394","Dennis et al., 2008","LOC21","Abundance","Hemiptera",NA,NA,NA,"2005","SE",50.74,10.99,6,96.62,23.27,6,"Above-ground","Domestic","Medium","Medium","Abundance","Exclosure",3,FALSE,26.9198922731871,56.9996263145646,0.644071204955125,0.104917236364801,451
465,"#2394","Dennis et al., 2008","LOC21","Abundance","Coleoptera",NA,NA,NA,"2002","SE",8.23,1.29,6,7.95,0.56,6,"Above-ground","Domestic","Medium","Medium","Abundance","Exclosure",0,FALSE,3.1598417681903,1.37171425595858,-0.034614086022738,0.029530391734149,452
466,"#2394","Dennis et al., 2008","LOC21","Abundance","Coleoptera",NA,NA,NA,"2003","SE",8.47,1.25,6,9.46,1.23,6,"Above-ground","Domestic","Medium","Medium","Abundance","Exclosure",1,FALSE,3.06186217847897,3.01287238362331,0.110541874399824,0.038685263071802,453
467,"#2394","Dennis et al., 2008","LOC21","Abundance","Coleoptera",NA,NA,NA,"2004","SE",5.92,0.95,6,10.94,0.71,6,"Above-ground","Domestic","Medium","Medium","Abundance","Exclosure",2,FALSE,2.32701525564402,1.73913771737606,0.614089348097921,0.0299635138667855,454
468,"#2394","Dennis et al., 2008","LOC21","Abundance","Coleoptera",NA,NA,NA,"2005","SE",4.74,2.07,6,6.83,1.38,6,"Above-ground","Domestic","Medium","Medium","Abundance","Exclosure",3,FALSE,5.07044376756118,3.38029584504079,0.365287537875714,0.231538742817733,455
469,"#2394","Dennis et al., 2008","LOC21","Abundance","Diptera",NA,NA,NA,"2002","SE",8.86,0.75,6,8.53,1.41,6,"Above-ground","Domestic","Medium","Medium","Abundance","Exclosure",0,FALSE,1.83711730708738,3.45378053732428,-0.0379574031134018,0.0344893827935344,456
470,"#2394","Dennis et al., 2008","LOC21","Abundance","Diptera",NA,NA,NA,"2003","SE",6.5,0.98,6,6.35,1.05,6,"Above-ground","Domestic","Medium","Medium","Abundance","Exclosure",1,FALSE,2.40049994792751,2.57196422992234,-0.0233473639969912,0.0500734156308549,457
471,"#2394","Dennis et al., 2008","LOC21","Abundance","Diptera",NA,NA,NA,"2004","SE",11.29,1,6,8.96,1.35,6,"Above-ground","Domestic","Medium","Medium","Abundance","Exclosure",2,FALSE,2.44948974278318,3.30681115275729,-0.231147151174731,0.0305466875369788,458
472,"#2394","Dennis et al., 2008","LOC21","Abundance","Diptera",NA,NA,NA,"2005","SE",1.25,0.35,6,1.56,0.48,6,"Above-ground","Domestic","Medium","Medium","Abundance","Exclosure",3,FALSE,0.857321409974112,1.17575507653593,0.221542269947236,0.173074556213018,459
473,"#2394","Dennis et al., 2008","LOC21","Abundance","Lepidoptera",NA,NA,"Herbivore","2003","SE",0.365,0.156,6,0.599,0.234,6,"Above-ground","Domestic","Medium","Medium","Abundance","Exclosure",1,FALSE,0.382120399874176,0.573180599811264,0.495364244532958,0.335276688412244,460
474,"#2394","Dennis et al., 2008","LOC21","Abundance","Lepidoptera",NA,NA,"Herbivore","2004","SE",2.344,1.146,6,2.839,1.276,6,"Above-ground","Domestic","Medium","Medium","Abundance","Exclosure",2,FALSE,2.80711524522952,3.12554891179134,0.191593005776068,0.441039813503829,461
475,"#2394","Dennis et al., 2008","LOC21","Abundance","Lepidoptera",NA,NA,"Herbivore","2005","SE",0.495,0.182,6,4.87,4.271,6,"Above-ground","Domestic","Medium","Medium","Abundance","Exclosure",3,FALSE,0.445807133186538,10.461770691427,2.28629145350795,0.904318807136163,462
476,"#2394","Dennis et al., 2008","LOC21","Abundance","Diptera",NA,"Cranefly",NA,"2003","SE",1.128,0.188,6,1.504,0.188,6,"Above-ground","Domestic","Medium","Medium","Abundance","Exclosure",1,FALSE,0.460504071643237,0.460504071643237,0.287682072451781,0.0434027777777778,463
477,"#2394","Dennis et al., 2008","LOC21","Abundance","Diptera",NA,"Cranefly",NA,"2004","SE",3.008,1.081,6,8.789,4.277,6,"Above-ground","Domestic","Medium","Medium","Abundance","Exclosure",2,FALSE,2.64789841194862,10.4764676298837,1.07222553349491,0.365960136399829,464
478,"#2394","Dennis et al., 2008","LOC21","Abundance","Diptera",NA,"Cranefly",NA,"2005","SE",0.376,0.047,6,0.282,0.141,6,"Above-ground","Domestic","Medium","Medium","Abundance","Exclosure",3,FALSE,0.115126017910809,0.345378053732428,-0.287682072451781,0.265625,465
479,"#1278","Sun et al., 2023","LOC_GONGGAMOUNTAIN","Shannon-Weaver diversity index","Nematoda",NA,"Nematodes",NA,"44044","SE",3.28,0.02,3,3.09,0.02,3,"Below-ground","Domestic","Large",NA,"Diversity","Exclosure",5,FALSE,0.0346410161513775,0.0346410161513775,-0.0596723314863982,7.90734013683348e-05,466
480,"#1278","Sun et al., 2023","LOC_GONGGAMOUNTAIN","Shannon-Weaver diversity index","Nematoda",NA,"Nematodes",NA,"44044","SE",3.15,0.01,3,3.03,0.03,3,"Below-ground","Domestic","Large",NA,"Diversity","Exclosure",5,FALSE,0.0173205080756888,0.0519615242270663,-0.038839833316264,0.000108107710256893,467
481,"#1278","Sun et al., 2023","LOC_GONGGAMOUNTAIN","Shannon-Weaver diversity index","Nematoda",NA,"Nematodes",NA,"44044","SE",3.12,0.02,3,2.94,0.04,3,"Below-ground","Domestic","Large",NA,"Diversity","Exclosure",5,FALSE,0.0346410161513775,0.0692820323027551,-0.0594234204708008,0.000226199444073407,468
482,"#1278","Sun et al., 2023","LOC_GONGGAMOUNTAIN","Shannon-Weaver diversity index","Nematoda",NA,"Nematodes",NA,"44044","SE",3.17,0.03,3,2.99,0.03,3,"Below-ground","Domestic","Large",NA,"Diversity","Exclosure",5,FALSE,0.0519615242270663,0.0519615242270663,-0.0584582004865941,0.000190232056493286,469
483,"#1693","Miyashita et al., 2004","LOC41","Abundance","Araneae",NA,"Web build spider","Predators","36770","SE",45.61,8.42,5,108.07,34.39,7,"Above-ground","Native","Medium","Medium","Abundance","Natural grazed vs ungrazed",NA,FALSE,18.8276923705482,90.9873875875113,0.862652174591465,0.135344109317097,470
484,"#1693","Miyashita et al., 2004","LOC41","Richness","Araneae",NA,"Web build spider","Predators","36770","SE",7.42,0.99,5,12.43,0.68,7,"Above-ground","Native","Medium","Medium","Richness","Natural grazed vs ungrazed",NA,FALSE,2.21370729772479,1.79911089152392,0.515933848343331,0.0207945304616331,471
485,"#1693","Miyashita et al., 2004","LOC41","Abundance",NA,NA,"All insects",NA,"36770","SE",35.7,6.5,5,25.7,3.7,7,"Above-ground","Native","Medium","Medium","Abundance","Natural grazed vs ungrazed",NA,FALSE,14.5344418537486,9.78927985093899,-0.328659696884419,0.0538775510964368,472
486,"#2189","Russell et al., 2003","LOC_BADLANDSNP","Diversity","Orthoptera",NA,"Grasshopper","Herbivore","1997","SE",10.86,1.48,3,3.85,0.59,3,"Above-ground","Native","Small","Small","Diversity","Natural grazed vs ungrazed",NA,FALSE,2.56343519520194,1.02190997646564,-1.0370131662061,0.042056785702592,473
487,"#2189","Russell et al., 2003","LOC_BADLANDSNP","Diversity","Orthoptera",NA,"Grasshopper","Herbivore","1997","SE",0.77,0.69,3,3.61,0.72,3,"Above-ground","Native","Small","Small","Diversity","Natural grazed vs ungrazed",NA,FALSE,1.19511505722253,1.24707658144959,1.5450725364792,0.842780892898798,474
488,"#1609","Carpio et al., 2014","LOC_SPAIN","Diversity",NA,NA,NA,NA,"March and April 2011","SE",1.56,0.36,5,1.66,0.31,5,"Ground & litter-dwelling","Native","Medium","Medium","Diversity","Exclosure",4,FALSE,0.804984471899924,0.693181073024935,0.0621317811070062,0.0881288753788949,475
489,"#1609","Carpio et al., 2014","LOC_SPAIN","Richness",NA,NA,NA,NA,"March and April 2012","SE",7.11,0.45,5,8.32,2.15,5,"Ground & litter-dwelling","Native","Medium","Medium","Richness","Exclosure",4,FALSE,1.00623058987491,4.80754615162455,0.157160011017968,0.0707832854106511,476
492,"#3539","Goheen et al., 2004","LOC26","Abundance","Coleoptera",NA,"Beetles",NA,"2002","SE",63.05,47.48,3,37.25,11.15,3,"Ground & litter-dwelling","Native","Mega",NA,"Abundance","Exclosure",7,FALSE,82.2377723433703,19.312366504393,-0.52627611758536,0.656686786135929,477
493,"#3539","Goheen et al., 2004","LOC26","Abundance","Orthoptera",NA,"Hoppers","Herbivore","2002","SE",34.5,7.33,3,33.44,1.37,3,"Ground & litter-dwelling","Native","Mega",NA,"Abundance","Exclosure",7,FALSE,12.6959324194799,2.37290960636936,-0.0312065358208133,0.0468193034900301,478
494,"#3539","Goheen et al., 2004","LOC26","Abundance","Hemiptera",NA,"Grasshopper","Herbivore","2002","SE",30.53,14.96,3,77.86,23.66,3,"Ground & litter-dwelling","Native","Mega",NA,"Abundance","Exclosure",7,FALSE,25.9114800812304,40.9803221070796,0.936202535435523,0.332451928768408,479
495,"#1111","Evans et al., 2015","LOC21","Abundance",NA,NA,NA,NA,"2003-2011, excluding 2006, 2009, 2010","SE",6267,680,6,10049,741,6,"Above-ground","Domestic","Medium","Medium","Abundance","Exclosure",9,FALSE,1665.65302509256,1815.07189940233,0.472175355824283,0.0172106991079528,480
496,"#2027","Abenspergtraun, 1992","LOC32","Abundance","Isoptera (Rhinotermitidae, Termitidae)","Rhinotermitidae; Termitidae","Subterranean termites","Detritivores","August-October 1991","SE",1.79,0.347,5,2.05,0.4,5,"Ground & litter-dwelling","Domestic","Medium","Medium","Abundance","Natural grazed vs ungrazed",NA,FALSE,0.775915588192427,0.894427190999916,0.135624173297653,0.0756522394037785,481
497,"#2027","Abenspergtraun, 1992","LOC32","Richness","Isoptera (Rhinotermitidae, Termitidae)","Rhinotermitidae; Termitidae","Subterranean termites","Detritivores","August-October 1992","SE",16.6,1.21,5,16.4,1.83,5,"Ground & litter-dwelling","Domestic","Medium","Medium","Richness","Natural grazed vs ungrazed",NA,FALSE,2.70564225277475,4.09200439882462,-0.012121360532345,0.0177644743052685,482
498,"#1503","Bardgett et al.,1997","LOC_LLYNLLYDAW_SNOWDONIA","Abundance","Nematoda",NA,NA,NA,"34716","SE",234.88,21.35,4,170.82,94.31,4,"Below-ground","Domestic","Medium","Medium","Abundance","Exclosure",38,FALSE,42.7,188.62,-0.31846437490815,0.31307855881751,483
499,"#1503","Bardgett et al.,1997","LOC_LLYNLLYDAW_SNOWDONIA","Abundance","Nematoda",NA,NA,NA,"34716","SE",99.64,19.57,4,117.44,74.73,4,"Below-ground","Domestic","Medium","Medium","Abundance","Exclosure",38,FALSE,39.14,149.46,0.164363874472226,0.443485154285237,484
500,"#1503","Bardgett et al.,1997","LOC_LLYNLLYDAW_SNOWDONIA","Abundance","Nematoda",NA,NA,NA,"34716","SE",326.24,138.3,4,159.57,44.33,4,"Below-ground","Domestic","Medium","Medium","Abundance","Exclosure",38,FALSE,276.6,88.66,-0.715150609403809,0.256886950625648,485
501,"#1503","Bardgett et al.,1997","LOC_LLYNLLYDAW_SNOWDONIA","Abundance","Nematoda",NA,NA,NA,"34716","SE",62.06,53.19,4,97.52,10.64,4,"Below-ground","Domestic","Medium","Medium","Abundance","Exclosure",38,FALSE,106.38,21.28,0.451955826152782,0.746479578801157,486
502,"#2386","Gomez and Gonzalez-Megias, 2007","LOC_SESPAIN_MONTANE","Abundance","Coleoptera","Curculionidae","Stem borers","Herbivores","1997","SE",0.74,0.15,3,0.94,0.38,3,"Above-ground","Native","Medium","Medium","Abundance","Exclosure",0,FALSE,0.259807621135332,0.658179306876173,0.239229689065834,0.204510748743188,487
503,"#2386","Gomez and Gonzalez-Megias, 2007","LOC_SESPAIN_MONTANE","Abundance","Coleoptera","Curculionidae","Stem borers","Herbivores","1998","SE",0.79,0.09,3,0.47,0.18,3,"Above-ground","Native","Medium","Medium","Abundance","Exclosure",1,FALSE,0.155884572681199,0.311769145362398,-0.519300250756963,0.159651391892963,488
504,"#2386","Gomez and Gonzalez-Megias, 2007","LOC_SESPAIN_MONTANE","Abundance","Coleoptera","Curculionidae","Stem borers","Herbivores","1999","SE",0.94,0.24,3,2.82,0.56,3,"Above-ground","Native","Medium","Medium","Abundance","Exclosure",2,FALSE,0.41569219381653,0.969948452238571,1.09861228866811,0.104622503898194,489
505,"#2386","Gomez and Gonzalez-Megias, 2007","LOC_SESPAIN_MONTANE","Abundance","Coleoptera","Curculionidae","Stem borers","Herbivores","2000","SE",1.59,0.18,3,5.18,0.76,3,"Above-ground","Native","Medium","Medium","Abundance","Exclosure",3,FALSE,0.311769145362398,1.31635861375235,1.18107104003925,0.0343421633126127,490
506,"#2386","Gomez and Gonzalez-Megias, 2007","LOC_SESPAIN_MONTANE","Abundance","Coleoptera","Curculionidae","Stem borers","Herbivores","2002","SE",1.18,0.24,3,5.41,0.53,3,"Above-ground","Native","Medium","Medium","Abundance","Exclosure",5,FALSE,0.41569219381653,0.917986928011505,1.52273465438082,0.0509649030043417,491
507,"#2386","Gomez and Gonzalez-Megias, 2007","LOC_SESPAIN_MONTANE","Abundance","Coleoptera","Curculionidae","Stem borers","Herbivores","2003","SE",1.76,0.24,3,3.82,0.32,3,"Above-ground","Native","Medium","Medium","Abundance","Exclosure",6,FALSE,0.41569219381653,0.554256258422041,0.774936613568423,0.0256123928203541,492
508,"#2386","Gomez and Gonzalez-Megias, 2007","LOC_SESPAIN_MONTANE","Abundance","Hemiptera","Coreidae, Pentatomidae","Seed predators","Herbivores","1998","SE",4.88,1.83,3,6.4,2.14,3,"Above-ground","Native","Medium","Medium","Abundance","Exclosure",1,FALSE,3.16965297785105,3.7065887281974,0.27115277050057,0.252431640625,493
509,"#2386","Gomez and Gonzalez-Megias, 2007","LOC_SESPAIN_MONTANE","Abundance","Hemiptera","Coreidae, Pentatomidae","Seed predators","Herbivores","1999","SE",0.6,2.44,3,1.21,1.68,3,"Above-ground","Native","Medium","Medium","Abundance","Exclosure",2,FALSE,4.22620397046806,2.90984535671571,0.70144598337464,18.4655149542001,494
510,"#2386","Gomez and Gonzalez-Megias, 2007","LOC_SESPAIN_MONTANE","Abundance","Hemiptera","Coreidae, Pentatomidae","Seed predators","Herbivores","2000","SE",10.06,1.83,3,19.07,2.75,3,"Above-ground","Native","Medium","Medium","Abundance","Exclosure",3,FALSE,3.16965297785105,4.76313972081441,0.639549254940734,0.0538859631862594,495
511,"#2386","Gomez and Gonzalez-Megias, 2007","LOC_SESPAIN_MONTANE","Abundance","Hemiptera","Coreidae, Pentatomidae","Seed predators","Herbivores","2001","SE",9.91,2.29,3,12.35,1.98,3,"Above-ground","Native","Medium","Medium","Abundance","Exclosure",4,FALSE,3.96639634933273,3.42946059898638,0.22011171473209,0.0791015844473114,496
512,"#2386","Gomez and Gonzalez-Megias, 2007","LOC_SESPAIN_MONTANE","Abundance","Hemiptera","Coreidae, Pentatomidae","Seed predators","Herbivores","2002","SE",44.25,7.63,3,77.98,7.63,3,"Above-ground","Native","Medium","Medium","Abundance","Exclosure",5,FALSE,13.2155476617505,13.2155476617505,0.566597012100513,0.0393056523010368,497
513,"#2386","Gomez and Gonzalez-Megias, 2007","LOC_SESPAIN_MONTANE","Abundance","Hemiptera","Coreidae, Pentatomidae","Seed predators","Herbivores","2003","SE",12.35,1.83,3,36.01,3.51,3,"Above-ground","Native","Medium","Medium","Abundance","Exclosure",6,FALSE,3.16965297785105,6.07949833456676,1.0701406145868,0.0314577314276684,498
514,"#2386","Gomez and Gonzalez-Megias, 2007","LOC_SESPAIN_MONTANE","Abundance","Diptera","Cecidomyiidae","Sap suckers","Herbivores","1999","SE",23.19,5.04,3,47.39,10.42,3,"Above-ground","Native","Medium","Medium","Abundance","Exclosure",2,FALSE,8.72953607014714,18.0479694148677,0.714690084712057,0.0955806914847765,499
515,"#2386","Gomez and Gonzalez-Megias, 2007","LOC_SESPAIN_MONTANE","Abundance","Diptera","Cecidomyiidae","Sap suckers","Herbivores","2000","SE",19.5,5.04,3,49.41,6.72,3,"Above-ground","Native","Medium","Medium","Abundance","Exclosure",3,FALSE,8.72953607014714,11.6393814268629,0.929738367287957,0.0852996880775413,500
516,"#2386","Gomez and Gonzalez-Megias, 2007","LOC_SESPAIN_MONTANE","Abundance","Diptera","Cecidomyiidae","Sap suckers","Herbivores","2002","SE",128.74,20.84,3,176.13,18.49,3,"Above-ground","Native","Medium","Medium","Abundance","Exclosure",5,FALSE,36.0959388297354,32.0256194319485,0.313427492119734,0.0372246985441814,501
517,"#2386","Gomez and Gonzalez-Megias, 2007","LOC_SESPAIN_MONTANE","Abundance","Diptera","Cecidomyiidae","Sap suckers","Herbivores","2003","SE",45.04,4.37,3,121.34,10.08,3,"Above-ground","Native","Medium","Medium","Abundance","Exclosure",6,FALSE,7.56906202907599,17.4590721402943,0.991045538682717,0.016314841548266,502
518,"#1045","Lagendijk et al.,  2016","LOC28","Abundance","Isoptera","Termitidae and Rhinotermitidae","Termites","Detritivores","41671","SE",6.0502512562814,0.42211055276382,8,6.45226130653266,0.54271356783919,8,"Ground & litter-dwelling","Native","Mega","Mega","Abundance","Exclosure",9,FALSE,1.1939089370788,1.53502577624415,0.0643308583811407,0.0119423496427663,503
519,"#1045","Lagendijk et al.,  2016","LOC28","Density","Isoptera","Termitidae and Rhinotermitidae","Termites","Detritivores","41671","SE",11.7794486215538,0.952380952380999,8,12.3308270676691,1.2531328320802,8,"Ground & litter-dwelling","Native","Mega","Mega","Abundance","Exclosure",9,FALSE,2.69374011880603,3.54439489316565,0.0457460217882051,0.01686474170332,504
520,"#1213","Schmidt et al., 2018","LOC11","Abundance","Araneae",NA,"Ground-dwelling spiders","Predators","42217","SE",50.67,5.61,3,48.33,1.76,3,"Ground & litter-dwelling","Native","Large","Large","Abundance","Exclosure",5,FALSE,9.7168050304614,3.04840942132122,-0.0472815336308258,0.0135842685201349,505
521,"#1213","Schmidt et al., 2018","LOC11","Richness","Araneae",NA,"Ground-dwelling spiders","Predators","42217","SE",4,0.58,3,4.33,0.67,3,"Ground & litter-dwelling","Native","Large","Large","Richness","Exclosure",5,FALSE,1.00458946838995,1.16047404107115,0.0792731808945079,0.0449677379739611,506
522,"#2025_1","Junod et al., 2025","LOC31","Abundance","Nematoda",NA,NA,NA,"44958","SE",6674,1174.7,6,6573.8,1631.2,6,"Below-ground","Mixed","Large",NA,"Abundance","Exclosure",4,FALSE,2877.4156008474,3995.60766842792,-0.015127328427944,0.0925517520112912,507
523,"#2025_1","Junod et al., 2025","LOC31","Abundance","Nematoda",NA,NA,NA,"44958","SE",5312.3,663,6,6573.8,1631.2,6,"Below-ground","Native","Large",NA,"Abundance","Exclosure",4,FALSE,1624.01169946525,3995.60766842792,0.213067165418195,0.0771479562659675,508
524,"#2025_1","Junod et al., 2025","LOC31","Abundance","Collembola",NA,NA,"Detritivores","44958","SE",112.17,45.39,6,47.17,18.43,6,"Ground & litter-dwelling","Mixed","Large",NA,"Abundance","Exclosure",4,FALSE,111.182339424928,45.144095959494,-0.866257480360962,0.316402348423302,509
525,"#2025_1","Junod et al., 2025","LOC31","Abundance","Collembola",NA,NA,"Detritivores","44958","SE",76,43.5,6,47.17,18.43,6,"Ground & litter-dwelling","Native","Large",NA,"Abundance","Exclosure",4,FALSE,106.552803811068,45.144095959494,-0.476975242990161,0.480263380809669,510
526,"#2025_3","Manu et al., 2025","LOC12","Abundance","Lumbricidae",NA,NA,"Detritivores","28 Jul-3 Aug 2018","SE",1.75,0.85,4,4.25,1.55,4,"Ground & litter-dwelling","Domestic","Medium","Medium","Abundance","Natural grazed vs ungrazed",NA,FALSE,1.7,3.1,0.887303195000903,0.368928747969776,511
527,"#2025_3","Manu et al., 2025","LOC12","Abundance","Enchytraeidae",NA,NA,"Detritivores","28 Jul-3 Aug 2018","SE",7.75,3.28,4,9.25,4.39,4,"Ground & litter-dwelling","Domestic","Medium","Medium","Abundance","Natural grazed vs ungrazed",NA,FALSE,6.56,8.78,0.176930708159078,0.404360112465026,512
528,"#2025_3","Manu et al., 2025","LOC12","Abundance","Collembola",NA,NA,"Detritivores","28 Jul-3 Aug 2018","SE",190.75,74.21,4,247.5,120.48,4,"Ground & litter-dwelling","Domestic","Medium","Medium","Abundance","Natural grazed vs ungrazed",NA,FALSE,148.42,240.96,0.260446911844179,0.388317089560308,513
529,"#2025_3","Manu et al., 2025","LOC12","Abundance","Coleoptera",NA,NA,NA,"28 Jul-3 Aug 2018","SE",0.875,0.875,4,7.125,4.48,4,"Ground & litter-dwelling","Domestic","Medium","Medium","Abundance","Natural grazed vs ungrazed",NA,TRUE,1.75,8.96,2.09714111877924,1.3953541397353,514
530,"#2025_3","Manu et al., 2025","LOC12","Abundance","Oribatida",NA,NA,"Detritivores","28 Jul-3 Aug 2018","SE",65,13.67,4,91.75,28.94,4,"Ground & litter-dwelling","Domestic","Medium","Medium","Abundance","Natural grazed vs ungrazed",NA,FALSE,27.34,57.88,0.344680217039043,0.143720580111948,515
531,"#2025_3","Manu et al., 2025","LOC12","Abundance","Mesostigmata",NA,NA,"Predators","28 Jul-3 Aug 2018","SE",28.75,23.75,4,18,5.05,4,"Ground & litter-dwelling","Domestic","Medium","Medium","Abundance","Natural grazed vs ungrazed",NA,FALSE,47.5,10.1,-0.468266009347195,0.761131079488436,516
532,"#2025_4","Debano et al., 2025","LOC04","Richness","Hymenpotera",NA,"Native bees","Pollinator","42614","SE",7.8076923076923,1.70512820512821,6,8.16666666666667,1,6,"Above-ground","Native","Medium","Medium","Richness","Exclosure",4,FALSE,4.17669404859184,2.44948974278318,0.0449513878622675,0.0626882961359136,517
533,"#2025_4","Debano et al., 2025","LOC04","Abundance","Hymenpotera",NA,"Native bees","Pollinator","42614","SE",0.14,0.03,7,0.12,0.02,3,"Ground & litter-dwelling","Native","Medium","Medium","Abundance","Exclosure",4,FALSE,0.0793725393319377,0.0346410161513775,-0.154150679827258,0.0736961451247165,518
534,"#2025_4","Debano et al., 2025","LOC04","Diversity","Hymenpotera",NA,"Native bees","Pollinator","42614","SE",1.32,0.09,8,1.14,0.15,3,"Ground & litter-dwelling","Native","Medium","Medium","Diversity","Exclosure",4,FALSE,0.254558441227157,0.259807621135332,-0.146603474191875,0.0219617797211602,519
535,"#2026_1","Matthies et al., 2026","LOC27","Abundance","Coleoptera",NA,NA,NA,"Jun-Aug 2024","SE",23,3.72,4,14.33,0.33,3,"Ground & litter-dwelling","Mixed","Large",NA,"Abundance","Exclosure",54,FALSE,7.44,0.571576766497729,-0.473138974089069,0.0266898632524343,520
536,"#2026_1","Matthies et al., 2026","LOC27","Abundance","Coleoptera",NA,NA,NA,"Jun-Aug 2024","SE",25.25,11.24,4,14.33,0.33,3,"Ground & litter-dwelling","Domestic","Large","Large","Abundance","Exclosure",54,FALSE,22.48,0.571576766497729,-0.566470913881288,0.198687517213118,521
537,"#2026_1","Matthies et al., 2026","LOC27","Abundance","Coleoptera",NA,NA,NA,"Jun-Aug 2024","SE",46.33,6.01,3,14.33,0.33,3,"Ground & litter-dwelling","Native","Mega","Mega","Abundance","Exclosure",54,FALSE,10.409625353489,0.571576766497729,-1.17343445758848,0.0173580007685751,522
538,"#2026_1","Matthies et al., 2026","LOC27","Abundance","Araneae",NA,NA,"Predators","Jun-Aug 2024","SE",34.5,17.93,4,26.67,8.21,3,"Ground & litter-dwelling","Mixed","Large",NA,"Abundance","Exclosure",54,FALSE,35.86,14.2201371301405,-0.257419985843391,0.364861958054095,523
539,"#2026_1","Matthies et al., 2026","LOC27","Abundance","Araneae",NA,NA,"Predators","Jun-Aug 2024","SE",16,4.51,4,26.67,8.21,3,"Ground & litter-dwelling","Domestic","Large","Large","Abundance","Exclosure",54,FALSE,9.02,14.2201371301405,0.510950615954142,0.174216838938495,524
540,"#2026_1","Matthies et al., 2026","LOC27","Abundance","Araneae",NA,NA,"Predators","Jun-Aug 2024","SE",28.67,10.14,3,26.67,8.21,3,"Ground & litter-dwelling","Native","Mega","Mega","Abundance","Exclosure",54,FALSE,17.5629951887484,14.2201371301405,-0.0723119417013556,0.219852727547645,525
541,"#2026_1","Matthies et al., 2026","LOC27","Abundance","Hemiptera",NA,NA,"Herbivore","Jun-Aug 2024","SE",70.75,31.43,4,29,5.51,3,"Ground & litter-dwelling","Mixed","Large",NA,"Abundance","Exclosure",54,FALSE,62.86,9.54359994970451,-0.891856706536873,0.233449428760504,526
542,"#2026_1","Matthies et al., 2026","LOC27","Abundance","Hemiptera",NA,NA,"Herbivore","Jun-Aug 2024","SE",72.5,9.58,4,29,5.51,3,"Ground & litter-dwelling","Domestic","Large","Large","Abundance","Exclosure",54,FALSE,19.16,9.54359994970451,-0.916290731874155,0.0535604328180737,527
543,"#2026_1","Matthies et al., 2026","LOC27","Abundance","Hemiptera",NA,NA,"Herbivore","Jun-Aug 2024","SE",45.33,15.72,3,29,5.51,3,"Ground & litter-dwelling","Native","Mega","Mega","Abundance","Exclosure",54,FALSE,27.2278386949828,9.54359994970451,-0.446673234966284,0.156363446396402,528
544,"#2026_1","Matthies et al., 2026","LOC27","Abundance","Collembola",NA,NA,"Detritivores","Jun-Aug 2024","SE",85.25,70.01,4,81,37.02,3,"Ground & litter-dwelling","Mixed","Large",NA,"Abundance","Exclosure",54,FALSE,140.02,64.1205208961998,-0.0511389614911874,0.883304311587385,529
545,"#2026_1","Matthies et al., 2026","LOC27","Abundance","Collembola",NA,NA,"Detritivores","Jun-Aug 2024","SE",93,20.47,4,81,37.02,3,"Ground & litter-dwelling","Domestic","Large","Large","Abundance","Exclosure",54,FALSE,40.94,64.1205208961998,-0.138150338480817,0.257330176613581,530
546,"#2026_1","Matthies et al., 2026","LOC27","Abundance","Collembola",NA,NA,"Detritivores","Jun-Aug 2024","SE",225,89.5,3,81,37.02,3,"Ground & litter-dwelling","Native","Mega","Mega","Abundance","Exclosure",54,FALSE,155.018547277415,64.1205208961998,-1.02165124753198,0.367110013717421,531
547,"#2026_1","Matthies et al., 2026","LOC27","Abundance","Diptera",NA,NA,NA,"Jun-Aug 2024","SE",24,1.73,4,13.33,2.91,3,"Ground & litter-dwelling","Mixed","Large",NA,"Abundance","Exclosure",54,FALSE,3.46,5.04026785002543,-0.588036696157328,0.0528528949098717,532
548,"#2026_1","Matthies et al., 2026","LOC27","Abundance","Diptera",NA,NA,NA,"Jun-Aug 2024","SE",77.75,11.51,4,13.33,2.91,3,"Ground & litter-dwelling","Domestic","Large","Large","Abundance","Exclosure",54,FALSE,23.02,5.04026785002543,-1.76348141686873,0.0695723106761105,533
549,"#2026_1","Matthies et al., 2026","LOC27","Abundance","Diptera",NA,NA,NA,"Jun-Aug 2024","SE",80.67,26.3,3,13.33,2.91,3,"Ground & litter-dwelling","Native","Mega","Mega","Abundance","Exclosure",54,FALSE,45.5529362390615,5.04026785002543,-1.80034962475827,0.153945658399862,534
550,"#2026_1","Matthies et al., 2026","LOC27","Abundance","Acari",NA,NA,NA,"Jun-Aug 2024","SE",18.25,7.04,4,4.67,1.76,3,"Ground & litter-dwelling","Mixed","Large",NA,"Abundance","Exclosure",54,FALSE,14.08,3.04840942132122,-1.36300600834769,0.290839461495747,535
551,"#2026_1","Matthies et al., 2026","LOC27","Abundance","Acari",NA,NA,NA,"Jun-Aug 2024","SE",18.75,2.5,4,4.67,1.76,3,"Ground & litter-dwelling","Domestic","Large","Large","Abundance","Exclosure",54,FALSE,5,3.04840942132122,-1.39003468073561,0.159811534638509,536
552,"#2026_1","Matthies et al., 2026","LOC27","Abundance","Acari",NA,NA,NA,"Jun-Aug 2024","SE",32.67,14.68,3,4.67,1.76,3,"Ground & litter-dwelling","Native","Mega","Mega","Abundance","Exclosure",54,FALSE,25.4265058551111,3.04840942132122,-1.94529815393217,0.343941903449847,537
553,"#2026_1","Matthies et al., 2026","LOC27","Abundance","Orthoptera",NA,NA,"Herbivore","Jun-Aug 2024","SE",1.25,0.63,4,4.67,2.19,3,"Ground & litter-dwelling","Mixed","Large",NA,"Abundance","Exclosure",54,FALSE,1.26,3.79319126857584,1.3180155203666,0.473930805423474,538
554,"#2026_1","Matthies et al., 2026","LOC27","Abundance","Orthoptera",NA,NA,"Herbivore","Jun-Aug 2024","SE",27.25,9.24,4,4.67,2.19,3,"Ground & litter-dwelling","Domestic","Large","Large","Abundance","Exclosure",54,FALSE,18.48,3.79319126857584,-1.76389444942845,0.334891793892458,539
555,"#2026_1","Matthies et al., 2026","LOC27","Abundance","Orthoptera",NA,NA,"Herbivore","Jun-Aug 2024","SE",16.67,1.2,3,4.67,2.19,3,"Ground & litter-dwelling","Native","Mega","Mega","Abundance","Exclosure",54,FALSE,2.07846096908265,3.79319126857584,-1.2724516250819,0.225096732445388,540
556,"#2026_2","Qin et al., 2026","LOC33","Diversity",NA,NA,NA,"Herbivore","Early August 2024","SE",0.1216,0.0075,3,0.1545,0.0195,3,"Ground & litter-dwelling","Native","Small","Small","Diversity","Natural grazed vs ungrazed",NA,FALSE,0.0129903810567666,0.0337749907475931,0.239457126805733,0.0197340011015488,541
557,"#2026_2","Qin et al., 2026","LOC33","Diversity",NA,NA,NA,"Predators","Early August 2024","SE",0.0342,0.0214,3,0.0213,0.0142,3,"Ground & litter-dwelling","Native","Small","Small","Diversity","Natural grazed vs ungrazed",NA,FALSE,0.037065887281974,0.0245951214674781,-0.47351857135318,0.835983721486953,542
558,"#2026_2","Qin et al., 2026","LOC33","Diversity",NA,NA,NA,"Detritivores","Early August 2024","SE",0.1384,0.0114,3,0.1179,0.0488,3,"Ground & litter-dwelling","Native","Small","Small","Diversity","Natural grazed vs ungrazed",NA,FALSE,0.0197453792062852,0.0845240794093612,-0.160311235640244,0.178106372712583,543
559,"#2026_2","Qin et al., 2026","LOC33","Diversity",NA,NA,NA,"Omnivores","Early August 2024","SE",0.3101,0.0145,3,0.1927,0.0322,3,"Ground & litter-dwelling","Native","Small","Small","Diversity","Natural grazed vs ungrazed",NA,FALSE,0.0251147367097487,0.0557720360037178,-0.475760250686083,0.030108529534109,544
560,"#2026_2","Qin et al., 2026","LOC33","Richness",NA,NA,NA,"Herbivore","Early August 2024","SE",1.2208,0.22,3,1.7754,0.1115,3,"Ground & litter-dwelling","Native","Small","Small","Richness","Natural grazed vs ungrazed",NA,FALSE,0.381051177665153,0.19312366504393,0.374519368104026,0.0364197206957868,545
561,"#2026_2","Qin et al., 2026","LOC33","Richness",NA,NA,NA,"Predators","Early August 2024","SE",0.4431,0.2924,3,0.3286,0.1959,3,"Ground & litter-dwelling","Native","Small","Small","Richness","Natural grazed vs ungrazed",NA,FALSE,0.50645165613314,0.339308753202743,-0.298954272602276,0.790876340234405,546
562,"#2026_2","Qin et al., 2026","LOC33","Richness",NA,NA,NA,"Detritivores","Early August 2024","SE",1.2208,0.1085,3,1.4408,0.4853,3,"Ground & litter-dwelling","Native","Small","Small","Richness","Natural grazed vs ungrazed",NA,FALSE,0.187927512621223,0.840564256913176,0.165692133331554,0.121351237680147,547
563,"#2026_2","Qin et al., 2026","LOC33","Richness",NA,NA,NA,"Omnivores","Early August 2024","SE",2.4446,0.2894,3,1.9955,0.1959,3,"Ground & litter-dwelling","Native","Small","Small","Richness","Natural grazed vs ungrazed",NA,FALSE,0.501255503710433,0.339308753202743,-0.202986864854374,0.0236521461808178,548
564,"#1810","Greenwald et al., 2008","LOC05","Abundance","Gastropoda",NA,NA,NA,NA,"SE",6.36212796941803,6.15586367047008,3,4.53301972160426,5.9254987098288,3,"Ground & litter-dwelling","Native","Medium","Medium","Abundance","Exclosure",NA,FALSE,10.6622686417216,10.2632648256073,-0.338974585153941,2.64494434812097,549
565,"#1810","Greenwald et al., 2008","LOC05","Density",NA,NA,NA,NA,NA,"SE",3.86188524590163,0.613483793891184,3,3.36639344262295,0.692411533456128,3,"Ground & litter-dwelling","Native","Medium","Medium","Abundance","Exclosure",NA,FALSE,1.06258510063964,1.19929195569269,-0.137313493690252,0.067540936974187,550
566,"#1320","FrasconiWendt et al., 2021","LOC16","Richness","Hymenoptera","Formicidae",NA,NA,"42614","SE",2.00138985406532,0.0405550328591936,3,11.5415798007876,2.5853833447738,3,"Ground & litter-dwelling","Domestic","Large","Large","Richness","Exclosure",8,FALSE,0.0702433774147486,4.47801531019059,1.75211428328289,0.0505893033633712,551
567,"#1320","FrasconiWendt et al., 2021","LOC16","Richness","Hymenoptera","Formicidae",NA,NA,"42614","SE",2.00138985406532,0.0405550328591936,3,5.01621496409543,1.49039745757551,3,"Ground & litter-dwelling","Domestic","Large","Large","Richness","Exclosure",12,FALSE,0.0702433774147486,2.58144411999227,0.918833791850626,0.0886884925348031,552
568,"#1320","FrasconiWendt et al., 2021","LOC16","Richness","Hymenoptera","Formicidae",NA,NA,"42614","SE",2.00138985406532,0.0405550328591936,3,13.8244151030808,2.18997177439668,3,"Ground & litter-dwelling","Domestic","Large","Large","Richness","Exclosure",18,FALSE,0.0702433774147486,3.79314238039682,1.93259437307954,0.025505393180878,553
569,"#1125","Ford et al., 2013","LOC24","Richness","Coleoptera",NA,NA,"Predatory","may and september 2009","SE",10,1.36238331389565,6,13,0.583878563098137,6,"Ground & litter-dwelling","Domestic","Large","Large","Richness","Exclosure",40,FALSE,3.33714395312636,1.43020455133987,0.262364264467491,0.0205781265874198,554
570,"#1125","Ford et al., 2013","LOC24","Richness","Coleoptera",NA,NA,"Zoophagus","may and september 2009","SE",8,0.311401900319006,6,9,0.311401900319006,6,"Ground & litter-dwelling","Domestic","Large","Large","Richness","Exclosure",40,FALSE,0.762775760714596,0.762775760714596,0.117783035656383,0.00271234872892203,555
571,"#1125","Ford et al., 2013","LOC24","Richness","Coleoptera",NA,NA,"Phytophagus","may and september 2009","SE",5,0.583878563098137,6,5,0.583878563098137,6,"Ground & litter-dwelling","Domestic","Large","Large","Richness","Exclosure",40,FALSE,1.43020455133987,1.43020455133987,0,0.0272731341156436,556
572,"#1125","Ford et al., 2013","LOC24","Richness","Coleoptera",NA,NA,"Detritivore","may and september 2009","SE",3,0.311401900319006,6,7,1.08990665111652,6,"Ground & litter-dwelling","Domestic","Large","Large","Richness","Exclosure",40,FALSE,0.762775760714596,2.66971516250109,0.847297860387204,0.0350173573830486,557
573,"#1125","Ford et al., 2013","LOC24","Richness","Hemiptera",NA,NA,"Predatory","may and september 2009","SE",2,0.211754,6,1,0.311401900319006,6,"Ground & litter-dwelling","Domestic","Large","Large","Richness","Exclosure",40,FALSE,0.518689250993309,0.762775760714596,-0.693147180559945,0.108181082651288,558
574,"#1125","Ford et al., 2013","LOC24","Richness","Hemiptera",NA,NA,"Herbivore","may and september 2009","SE",4.5,0.389252375398758,6,4,0.583878563098137,6,"Ground & litter-dwelling","Domestic","Large","Large","Richness","Exclosure",40,FALSE,0.953469700893245,1.43020455133987,-0.117783035656384,0.0287894773490108,559
575,"#1125","Ford et al., 2013","LOC24","Richness","Araneae",NA,NA,"Predatory","may and september 2009","SE",17.5,0.700654275717765,6,20,0.895280463417144,6,"Ground & litter-dwelling","Domestic","Large","Large","Richness","Exclosure",40,FALSE,1.71624546160784,2.19298031205446,0.133531392624523,0.00360681014295234,560
576,"#1190","Garcia-Tejero et al., 2013","LOC15","Abundance","Coleoptera","Carabidiae",NA,"Predator","1 Jun-20 Oct 2007","SE",360.112359550561,122.946683183396,3,149.999999999999,73.768009910037,3,"Ground & litter-dwelling","Domestic","Medium","Medium","Abundance","Natural grazed vs ungrazed",20,FALSE,212.949901895717,127.769941137428,-0.875780798520423,0.358416348568545,561
577,"#1190","Garcia-Tejero et al., 2013","LOC15","Abundance","Coleoptera","Stapylindae",NA,"Predator","1 Jun-20 Oct 2007","SE",104.710144927536,66.6050292376132,3,79.8309178743961,5.28611343155663,3,"Ground & litter-dwelling","Domestic","Medium","Medium","Abundance","Natural grazed vs ungrazed",20,FALSE,115.363294679157,9.15581703802836,-0.271285136928853,0.408994526286431,562
578,"#1190","Garcia-Tejero et al., 2013","LOC15","Diversity","Coleoptera","Carabidiae",NA,"Predator","1 Jun-20 Oct 2007","SE",8.3311855670103,0.733243878573134,3,5.69587628865978,1.35368100659656,3,"Ground & litter-dwelling","Domestic","Medium","Medium","Diversity","Natural grazed vs ungrazed",20,FALSE,1.27001565202753,2.34464428066623,-0.380263316134215,0.0642282992947265,563
579,"#1190","Garcia-Tejero et al., 2013","LOC15","Diversity","Coleoptera","Stapylindae",NA,"Predator","1 Jun-20 Oct 2007","SE",7.72551546391752,0.62043712802343,3,13.8981958762886,1.97411813461999,3,"Ground & litter-dwelling","Domestic","Medium","Medium","Diversity","Natural grazed vs ungrazed",20,FALSE,1.0746286286387,3.41927290930491,0.58723049136164,0.0266254540408368,564
580,"#1866","Massad et al., 2024","LOC30","Abundance","Orthoptera","Gryllidae","Crickets","Omnivore","April to November 2021","SE",0.208423667570008,0.100742294453338,9,0.288617886178861,0.165928484981969,9,"Ground & litter-dwelling","Native","Mega","Mega","Abundance","Exclosure",1,FALSE,0.302226883360015,0.497785454945907,0.32553074866595,0.564148763094699,565
581,"#1866","Massad et al., 2024","LOC30","Abundance","Orthoptera","Gryllidae","Crickets","Omnivore","April to November 2021","SE",0.149414715719063,0.0872729922085049,9,0.176820884429579,0.0970241645223042,9,"Ground & litter-dwelling","Native","Mega","Mega","Abundance","Exclosure",1,FALSE,0.261818976625515,0.291072493566913,0.168411501192135,0.642259176708896,566
582,"#2025_2","Ma et al., 2025","LOC38","<U+00A0>Shannon<U+2013>Wiener diversity index","Nematoda",NA,NA,NA,"2020","SE",2.80975918884664,0.0931963907203074,3,2.85082382762991,0.157546279551003,3,"Below-ground","Domestic","Medium","Medium","Diversity","Exclosure",3,FALSE,0.161420883809613,0.272878160725787,0.0145092330823451,0.0041542162618387,567
583,"#2025_2","Ma et al., 2025","LOC38","Trophic diversity","Nematoda",NA,NA,NA,"2020","SE",2.62420785804816,0.135356662712834,3,2.85082382762991,0.157546279551003,3,"Below-ground","Domestic","Large","Large","Diversity","Exclosure",3,FALSE,0.234444616961592,0.272878160725787,0.0828289326966321,0.00571454302571706,568
584,"#2025_2","Ma et al., 2025","LOC38","<U+00A0>Shannon<U+2013>Wiener diversity index","Nematoda",NA,NA,NA,"2020","SE",2.27342519685039,0.108560953166823,3,2.83248031496063,0.44975252026254,3,"Below-ground","Domestic","Medium","Medium","Diversity","Exclosure",3,FALSE,0.188033086603042,0.778994215926869,0.219865172648332,0.0274926231765533,569
585,"#2025_2","Ma et al., 2025","LOC38","Trophic diversity","Nematoda",NA,NA,NA,"2020","SE",2.60374015748031,0.174042163013476,3,2.83248031496063,0.44975252026254,3,"Below-ground","Domestic","Large","Large","Diversity","Exclosure",3,FALSE,0.301449868998525,0.778994215926869,0.0842038307373708,0.0296803599520962,570
586,"#1209","Ma et al., 2024","LOC38","Abundance","Nematoda",NA,NA,"Herbivores","2020","SE",107.462686567164,43.7690192132885,3,74.8134328358208,19.9247027761987,3,"Below-ground","Domestic","Medium","Medium","Abundance","Exclosure",3,FALSE,75.810165074874,34.5105975340849,-0.362146233389319,0.23681836391547,571
587,"#1209","Ma et al., 2024","LOC38","Abundance","Nematoda",NA,NA,"Herbivores","2020","SE",119.029850746268,37.2363297784696,3,74.8134328358208,19.9247027761987,3,"Below-ground","Domestic","Large","Large","Abundance","Exclosure",3,FALSE,64.4952150636993,34.5105975340849,-0.46437685603822,0.168792887932782,572
588,"#1209","Ma et al., 2024","LOC38","Abundance","Nematoda",NA,NA,"Detritivores -bacterivores","2020","SE",300.977488151658,67.6760308925853,3,328.880331753554,83.2337391437541,3,"Below-ground","Domestic","Medium","Medium","Abundance","Exclosure",3,FALSE,117.218323960559,144.165065100916,0.0886584795683853,0.114609950341841,573
589,"#1209","Ma et al., 2024","LOC38","Abundance","Nematoda",NA,NA,"Detritivores -bacterivores","2020","SE",446.800947867298,130.68474930982,3,328.880331753554,83.2337391437541,3,"Below-ground","Domestic","Large","Large","Abundance","Exclosure",3,FALSE,226.352625579011,144.165065100916,-0.306419237323981,0.149600892728131,574
590,"#1209","Ma et al., 2024","LOC38","Abundance","Nematoda",NA,NA,"Detritivores - Fungivores","2020","SE",100.982142857143,21.1029199778353,3,161.473214285714,34.780738481989,3,"Below-ground","Domestic","Medium","Medium","Abundance","Exclosure",3,FALSE,36.551329589671,60.242006175571,0.469395575276034,0.0900668627855836,575
591,"#1209","Ma et al., 2024","LOC38","Abundance","Nematoda",NA,NA,"Detritivores - Fungivores","2020","SE",87.1874999999996,37.9070969972229,3,161.473214285714,34.780738481989,3,"Below-ground","Domestic","Large","Large","Abundance","Exclosure",3,FALSE,65.6570179666317,60.242006175571,0.616278301075422,0.235426394359475,576
592,"#1209","Ma et al., 2024","LOC38","Abundance","Nematoda",NA,NA,"Predators","2020","SE",39.5598591549295,26.3538812868747,3,76.2411971830986,9.01580149287822,3,"Below-ground","Domestic","Medium","Medium","Abundance","Exclosure",3,FALSE,45.6462613655057,15.6158262566204,0.656087015585772,0.457776163823857,577
593,"#1209","Ma et al., 2024","LOC38","Abundance","Nematoda",NA,NA,"Predators","2020","SE",48.0633802816901,8.78462709562493,3,76.2411971830986,9.01580149287822,3,"Below-ground","Domestic","Large","Large","Abundance","Exclosure",3,FALSE,15.2154204551686,15.6158262566204,0.461381399592095,0.0473894356123549,578
